quarter,stock,date,open,high,low,close,volume,percent_change_price,percent_change_volume_over_last_wk,previous_weeks_volume,days_to_next_dividend,percent_return_next_dividend,ISM,PCE,next_weeks_open,next_weeks_close,percent_change_next_weeks_price
1,2,20110114,16.71,16.71,15.64,15.97,242963398,-4.42849,1.380223028,239655616,19,0.187852,59.3,10512.4,16.19,15.79,-2.47066
1,1,20110114,44.2,46.25,44.01,46.25,25913713,4.63801,-42.54425775,45102042,82,0.389189,59.3,10512.4,46.03,46,-0.0651749
1,5,20110114,69.42,70.5,68.35,70.07,18834664,0.93633,-48.05394212,36258120,26,0.599401,59.3,10512.4,70.86,71.68,1.15721
1,4,20110114,14.17,15.25,14.09,15.25,760935694,7.62174,-47.64583288,1453438639,47,0.0655738,59.3,10512.4,15.08,14.25,-5.50398
1,6,20110114,93.21,94.7,92.51,94.01,19707235,0.858277,-18.3488805,24135903,4,0.468035,59.3,10512.4,94.16,92.75,-1.49745
1,8,20110114,20.94,21.23,20.7,21.21,154708263,1.2894,-49.03298835,303545878,74,0.282885,59.3,10512.4,21.22,20.72,-2.35627
1,7,20110114,90.95,92.85,90.12,92.83,28260512,2.06707,-20.51894731,35556288,31,0.775611,59.3,10512.4,92.94,93.78,0.903809
1,10,20110114,48.3,49.8,47.2,49.8,34546875,3.10559,24.90378736,27658789,28,0.823293,59.3,10512.4,49.53,48.35,-2.38239
1,29,20110114,39.01,39.81,38.92,39.29,31943413,0.717765,-56.1924641,72917621,329,1.01807,59.3,10512.4,39.07,39.74,1.71487
1,12,20110114,18.61,18.82,18.46,18.82,215626229,1.12843,-23.03090658,280146510,31,0.74389,59.3,10512.4,18.98,19.74,4.00421
1,14,20110114,34.16,35.89,34.07,35.89,41918450,5.0644,-25.9088433,56576860,53,0.696573,59.3,10512.4,35.97,36.51,1.50125
1,13,20110114,44.86,46.25,44.57,46.25,65464211,3.09853,-34.54935299,100020724,59,0.172973,59.3,10512.4,46.14,47.23,2.36238
1,16,20110114,147,150,146,150,15335348,2.04082,-34.72331978,23492843,25,0.433333,59.3,10512.4,149.82,155.5,3.79122
1,15,20110114,20.71,21.33,20.57,21.08,274111012,1.78658,-29.11892917,386719626,20,0.85389,59.3,10512.4,21.03,20.82,-0.998573
1,17,20110114,62.29,62.98,62,62.55,34950419,0.417402,-39.50570645,57774737,42,0.863309,59.3,10512.4,62.21,62.66,0.723356
1,18,20110114,43.27,44.97,43,44.91,144662779,3.79015,-38.32271009,234547885,80,0.556669,59.3,10512.4,45.02,45.29,0.599733
1,9,20110114,62.7,63.86,62.56,63.13,31297830,0.685805,-47.6644074,59802189,56,0.744496,59.3,10512.4,63.21,62.77,-0.696092
1,19,20110114,30.91,31.72,30.89,31.34,24955086,1.39114,-44.50944226,44971770,74,0.925335,59.3,10512.4,31.41,31.35,-0.191022
1,20,20110114,74.25,74.49,72.46,74.06,44895850,-0.255892,-47.42916382,85400677,42,0.823656,59.3,10512.4,74.65,75.01,0.482251
1,0,20110114,85.7,88.8,85.7,88.1,11585909,2.80047,-28.33571092,16166921,33,0.624291,59.3,10512.4,87.84,89.29,1.65073
1,21,20110114,37.26,37.61,34.23,34.23,108158891,-8.13204,48.65058696,72760487,56,1.11014,59.3,10512.4,34.07,33.9,-0.498973
1,22,20110114,28.2,28.5,28,28.3,227601331,0.35461,-30.74577985,328646154,32,0.565371,59.3,10512.4,28.16,28.02,-0.497159
1,23,20110114,18.22,18.48,18.13,18.34,218359623,0.658617,-43.54784915,386804789,19,1.09051,59.3,10512.4,18.35,18.36,0.0544959
1,24,20110114,64.4,65.53,63.4,65.53,41932473,1.75466,-19.85897043,52323352,5,0.732489,59.3,10512.4,65.65,65.91,0.39604
1,3,20110114,28.54,28.61,27.71,28.43,170616350,-0.385424,8.098365941,157834347,23,1.51249,59.3,10512.4,28.55,28.33,-0.770578
1,25,20110114,53.12,54.84,52.96,54.63,14820631,2.84262,-25.93430373,20010115,53,0.658979,59.3,10512.4,54.62,55,0.695716
1,26,20110114,78.27,79.9,77.81,79.08,12713121,1.03488,-19.52621247,15797841,33,0.543753,59.3,10512.4,79.28,80.2,1.16044
1,27,20110114,36.55,36.58,34.98,35.46,130610954,-2.98222,-7.980318796,141938064,82,1.38184,59.3,10512.4,35.38,34.95,-1.21538
1,28,20110114,53.65,55.36,53.54,54.81,48929455,2.16216,-23.82289137,64231179,54,0.675059,59.3,10512.4,55.11,55.73,1.12502
1,11,20110114,75.13,77.84,74.58,77.84,74376886,3.60708,-26.89580899,101740933,45,0.565262,59.3,10512.4,77.79,78.98,1.52976
1,2,20110121,16.19,16.38,15.6,15.79,138428495,-2.47066,-43.02495926,242963398,12,0.189994,59.3,10512.4,15.87,16.13,1.63831
1,1,20110121,46.03,46.71,44.71,46,38824728,-0.0651749,49.82309945,25913713,75,0.391304,59.3,10512.4,46.05,43.86,-4.7557
1,5,20110121,70.86,72.99,70.23,71.68,29594221,1.15721,57.1263549,18834664,19,0.585938,59.3,10512.4,71.52,69.23,-3.2019
1,4,20110121,15.08,15.16,13.94,14.25,982445809,-5.50398,29.11022794,760935694,40,0.0701754,59.3,10512.4,14.25,13.6,-4.5614
1,6,20110121,94.16,96.8,92.37,92.75,28651009,-1.49745,45.38320064,19707235,89,0.474394,59.3,10512.4,92.71,95.68,3.20354
1,8,20110121,21.22,21.33,20.5,20.72,193706863,-2.35627,25.20783263,154708263,67,0.289575,59.3,10512.4,20.84,20.93,0.431862
1,7,20110121,92.94,93.94,91.58,93.78,27752622,0.903809,-1.797171969,28260512,24,0.767754,59.3,10512.4,93.89,93.37,-0.55384
1,10,20110121,49.53,50.14,47.65,48.35,25611091,-2.38239,-25.8656796,34546875,21,0.847983,59.3,10512.4,48.44,50.29,3.81916
1,29,20110121,39.07,39.94,38.51,39.74,36187032,1.71487,13.28480147,31943413,322,1.00654,59.3,10512.4,39.64,38.85,-1.99294
1,12,20110121,18.98,19.97,18.17,19.74,449508777,4.00421,108.4666504,215626229,24,0.70922,59.3,10512.4,19.93,20.2,1.35474
1,14,20110121,35.97,36.99,35.48,36.51,45249920,1.50125,7.94750283,41918450,46,0.684744,59.3,10512.4,36.46,36.7,0.658256
1,13,20110121,46.14,47.64,45.76,47.23,82623453,2.36238,26.21163799,65464211,52,0.169384,59.3,10512.4,46.69,45.51,-2.52731
1,16,20110121,149.82,156.78,149.38,155.5,35770931,3.79122,133.2580324,15335348,18,0.418006,59.3,10512.4,155.42,159.21,2.43855
1,15,20110121,21.03,21.2,20.62,20.82,218479469,-0.998573,-20.29526016,274111012,13,0.864553,59.3,10512.4,21.03,21.46,2.0447
1,17,20110121,62.21,63.25,62.01,62.66,47999880,0.723356,37.33706597,34950419,35,0.861794,59.3,10512.4,62.56,60.01,-4.07609
1,18,20110121,45.02,45.54,43.6,45.29,182971761,0.599733,26.48157478,144662779,73,0.551998,59.3,10512.4,45.21,44.54,-1.48197
1,9,20110121,63.21,63.92,62.72,62.77,36000586,-0.696092,15.02582128,31297830,49,0.748765,59.3,10512.4,62.87,62.21,-1.04979
1,19,20110121,31.41,31.52,30.89,31.35,41200255,-0.191022,65.09762779,24955086,67,0.92504,59.3,10512.4,31.39,30.53,-2.73973
1,20,20110121,74.65,75.75,74.31,75.01,40056497,0.482251,-10.77906533,44895850,35,0.813225,59.3,10512.4,74.25,73.28,-1.3064
1,0,20110121,87.84,89.39,87.25,89.29,10705548,1.65073,-7.598549238,11585909,26,0.61597,59.3,10512.4,89.21,87.44,-1.98408
1,21,20110121,34.07,34.3,33.48,33.9,131132702,-0.498973,21.24079749,108158891,49,1.12094,59.3,10512.4,33.99,33.07,-2.70668
1,22,20110121,28.16,28.74,28.02,28.02,220040646,-0.497159,-3.321898412,227601331,25,0.571021,59.3,10512.4,28.02,27.75,-0.963597
1,23,20110121,18.35,18.49,18.02,18.36,159663706,0.0544959,-26.88038942,218359623,12,1.08932,59.3,10512.4,18.33,18.15,-0.981997
1,24,20110121,65.65,65.95,65.05,65.91,46213962,0.39604,10.21043762,41932473,96,0.804127,59.3,10512.4,65.9,64.2,-2.57967
1,3,20110121,28.55,28.59,28.15,28.33,130584257,-0.770578,-23.46322202,170616350,16,1.51783,59.3,10512.4,28.46,27.49,-3.40829
1,25,20110121,54.62,55.24,54.07,55,13631048,0.695716,-8.026534093,14820631,46,0.654545,59.3,10512.4,55.14,55.81,1.21509
1,26,20110121,79.28,80.5,78.98,80.2,16471934,1.16044,29.56640623,12713121,26,0.53616,59.3,10512.4,80.26,81.43,1.45776
1,27,20110121,35.38,35.51,34.35,34.95,108296302,-1.21538,-17.08482429,130610954,75,1.402,59.3,10512.4,34.88,35.63,2.15023
1,28,20110121,55.11,56.27,54.71,55.73,53009787,1.12502,8.339214079,48929455,47,0.663915,59.3,10512.4,55.39,56.7,2.36505
1,11,20110121,77.79,79.1,76.77,78.98,99941187,1.52976,34.37129782,74376886,38,0.557103,59.3,10512.4,78.85,78.99,0.177552
1,2,20110128,15.87,16.63,15.82,16.13,151379173,1.63831,9.355500109,138428495,5,0.185989,59.3,10512.4,16.18,17.14,5.93325
1,1,20110128,46.05,46.27,43.42,43.86,51427274,-4.7557,32.4601012,38824728,68,0.410397,59.3,10512.4,44.13,43.82,-0.70247
1,5,20110128,71.52,72.82,69,69.23,34929673,-3.2019,18.02869553,29594221,12,0.606673,59.3,10512.4,69.26,71.38,3.06093
1,4,20110128,14.25,14.26,13.4,13.6,1054415375,-4.5614,7.325550716,982445809,33,0.0735294,59.3,10512.4,13.71,14.29,4.23049
1,6,20110128,92.71,97.79,92.51,95.68,34929068,3.20354,21.91217419,28651009,82,0.459866,59.3,10512.4,96.13,99.59,3.59929
1,8,20110128,20.84,21.61,20.73,20.93,265687272,0.431862,37.15945212,193706863,60,0.28667,59.3,10512.4,20.93,22.05,5.35117
1,7,20110128,93.89,94.97,92.93,93.37,42303108,-0.55384,52.42922993,27752622,17,0.771126,59.3,10512.4,93.85,97.11,3.47363
1,10,20110128,48.44,50.66,48.26,50.29,45429653,3.81916,77.38273235,25611091,14,0.815271,59.3,10512.4,50.15,52.53,4.74576
1,29,20110128,39.64,39.95,38.65,38.85,42131642,-1.99294,16.42745943,36187032,315,1.0296,59.3,10512.4,39.04,40.71,4.27766
1,12,20110128,19.93,20.74,19.74,20.2,437317986,1.35474,-2.712025131,449508777,17,0.693069,59.3,10512.4,20.13,20.56,2.13612
1,14,20110128,36.46,38.12,36.3,36.7,63397367,0.658256,40.10492615,45249920,39,0.681199,59.3,10512.4,37.13,36.8,-0.888769
1,13,20110128,46.69,47.83,45.36,45.51,84066350,-2.52731,1.746352818,82623453,45,0.175786,59.3,10512.4,45.41,47.43,4.44836
1,16,20110128,155.42,164.35,155.33,159.21,32510483,2.43855,-9.114797711,35770931,11,0.408266,59.3,10512.4,159.18,164,3.02802
1,15,20110128,21.03,21.94,20.93,21.46,325168191,2.0447,48.83237884,218479469,6,0.83877,59.3,10512.4,21.55,21.68,0.603248
1,17,20110128,62.56,62.72,60,60.01,86229071,-4.07609,79.64434703,47999880,28,0.89985,59.3,10512.4,60.16,60.84,1.13032
1,18,20110128,45.21,45.88,44.26,44.54,154832501,-1.48197,-15.37901797,182971761,66,0.561293,59.3,10512.4,44.41,44.59,0.405314
1,9,20110128,62.87,63.31,62.14,62.21,42141599,-1.04979,17.05809178,36000586,42,0.755506,59.3,10512.4,62.32,62.56,0.385109
1,19,20110128,31.39,31.77,30.5,30.53,55657855,-2.73973,35.09104495,41200255,60,0.949885,59.3,10512.4,30.53,31.19,2.16181
1,20,20110128,74.25,75.85,73.05,73.28,46734907,-1.3064,16.67247638,40056497,28,0.832424,59.3,10512.4,73.8,74.05,0.338753
1,0,20110128,89.21,90.5,87.2,87.44,26110543,-1.98408,143.8973045,10705548,19,0.629003,59.3,10512.4,87.93,88.29,0.409417
1,21,20110128,33.99,33.99,33,33.07,110066602,-2.70668,-16.06471893,131132702,42,1.14908,59.3,10512.4,33.29,32.89,-1.20156
1,22,20110128,28.02,29.46,27.45,27.75,457318851,-0.963597,107.8338068,220040646,18,0.576577,59.3,10512.4,27.77,27.77,0
1,23,20110128,18.33,18.76,18.14,18.15,277157388,-0.981997,73.58822173,159663706,5,1.10193,59.3,10512.4,18.19,19.3,6.10225
1,24,20110128,65.9,66.95,63.14,64.2,70042160,-2.57967,51.56060413,46213962,89,0.825545,59.3,10512.4,64.35,63.61,-1.14996
1,3,20110128,28.46,28.95,27.41,27.49,171464186,-3.40829,31.30540384,130584257,9,1.56421,59.3,10512.4,27.42,27.97,2.00584
1,25,20110128,55.14,57.78,54.97,55.81,26595621,1.21509,95.11061072,13631048,39,0.645046,59.3,10512.4,55.81,57.41,2.86687
1,26,20110128,80.26,83.08,80.26,81.43,23565688,1.45776,43.06570194,16471934,19,0.528061,59.3,10512.4,81.8,82.52,0.880196
1,27,20110128,34.88,36.59,34.88,35.63,124127036,2.15023,14.61798206,108296302,68,1.37525,59.3,10512.4,35.64,36.31,1.87991
1,28,20110128,55.39,57.9,55.3,56.7,69546259,2.36505,31.19513006,53009787,40,0.652557,59.3,10512.4,56.45,56.03,-0.744021
1,11,20110128,78.85,79.98,77.93,78.99,115376817,0.177552,15.4447135,99941187,31,0.557033,59.3,10512.4,79.92,83.28,4.2042
1,2,20110204,16.18,17.39,16.18,17.14,154387761,5.93325,1.987451735,151379173,97,0.175029,59.1,10583.5,17.33,17.37,0.230814
1,1,20110204,44.13,44.23,43.15,43.82,39501680,-0.70247,-23.18924001,51427274,61,0.410771,59.1,10583.5,43.96,46.75,6.34668
1,5,20110204,69.26,71.64,69.12,71.38,22770062,3.06093,-34.81169434,34929673,5,0.5884,59.1,10583.5,71.43,72.14,0.99398
1,4,20110204,13.71,14.47,13.64,14.29,757192224,4.23049,-28.18843105,1054415375,26,0.069979,59.1,10583.5,14.51,14.77,1.79187
1,6,20110204,96.13,99.72,95.85,99.59,31169285,3.59929,-10.76405188,34929068,75,0.441811,59.1,10583.5,99.62,103.54,3.93495
1,8,20110204,20.93,22.15,20.71,22.05,236334561,5.35117,-11.04784237,265687272,53,0.272109,59.1,10583.5,22.11,18.7,-15.4229
1,7,20110204,93.85,97.44,93.37,97.11,48766293,3.47363,15.27827459,42303108,10,0.741427,59.1,10583.5,97.28,96.45,-0.853207
1,10,20110204,50.15,52.63,50.09,52.53,31069977,4.74576,-31.60859714,45429653,7,0.780506,59.1,10583.5,52.62,54.58,3.72482
1,29,20110204,39.04,40.77,38.64,40.71,53521486,4.27766,27.0339428,42131642,308,0.98256,59.1,10583.5,40.8,43.41,6.39706
1,12,20110204,20.13,20.96,20.1,20.56,246591055,2.13612,-43.61287144,437317986,10,0.680934,59.1,10583.5,20.77,21.33,2.6962
1,14,20110204,37.13,37.18,36.38,36.8,41844858,-0.888769,-33.99590554,63397367,32,0.679348,59.1,10583.5,36.8,37.48,1.84783
1,13,20110204,45.41,47.52,45.13,47.43,74475624,4.44836,-11.40851958,84066350,38,0.16867,59.1,10583.5,47.71,48.64,1.94928
1,16,20110204,159.18,164.2,158.68,164,25377163,3.02802,-21.94159958,32510483,4,0.396341,59.1,10583.5,164.08,163.85,-0.140176
1,15,20110204,21.55,21.71,21.03,21.68,277969054,0.603248,-14.51529956,325168191,89,0.830258,59.1,10583.5,21.74,21.76,0.0919963
1,17,20110204,60.16,60.99,59.69,60.84,63641929,1.13032,-26.19434692,86229071,21,0.887574,59.1,10583.5,60.88,60.7,-0.295664
1,18,20110204,44.41,46,44.3,44.59,137430065,0.405314,-11.23952393,154832501,59,0.560664,59.1,10583.5,44.75,46.57,4.06704
1,9,20110204,62.32,63.48,61.89,62.56,34863226,0.385109,-17.27123121,42141599,35,0.751279,59.1,10583.5,62.67,63.57,1.43609
1,19,20110204,30.53,31.22,30.21,31.19,34764359,2.16181,-37.53916855,55657855,53,0.929785,59.1,10583.5,31.18,30.66,-1.66774
1,20,20110204,73.8,74.5,73.08,74.05,41519549,0.338753,-11.15944876,46734907,21,0.823768,59.1,10583.5,74.13,76.14,2.71145
1,0,20110204,87.93,88.45,87.31,88.29,14960948,0.409417,-42.70150567,26110543,12,0.622947,59.1,10583.5,88.17,91.8,4.11705
1,21,20110204,33.29,34.04,32.51,32.89,114880019,-1.20156,4.373185792,110066602,35,1.15537,59.1,10583.5,32.94,33.07,0.394657
1,22,20110204,27.77,28.11,27.42,27.77,274432773,0,-39.99093359,457318851,11,0.576161,59.1,10583.5,27.8,27.25,-1.97842
1,23,20110204,18.19,19.39,18.16,19.3,358819619,6.10225,29.46420862,277157388,96,1.03627,59.1,10583.5,19.27,18.83,-2.28334
1,24,20110204,64.35,64.36,62.3,63.61,57201539,-1.14996,-18.33270276,70042160,82,0.833202,59.1,10583.5,63.95,64.73,1.2197
1,3,20110204,27.42,28.06,27.2,27.97,118469916,2.00584,-30.90690321,171464186,2,1.53736,59.1,10583.5,27.97,28.47,1.78763
1,25,20110204,55.81,57.52,55.81,57.41,27494461,2.86687,3.379654117,26595621,32,0.627068,59.1,10583.5,57.32,58.99,2.91347
1,26,20110204,81.8,82.6,80.66,82.52,15689029,0.880196,-33.42426922,23565688,12,0.521086,59.1,10583.5,82.85,85.2,2.83645
1,27,20110204,35.64,36.48,35.38,36.31,72890565,1.87991,-41.2774466,124127036,61,1.34949,59.1,10583.5,36.3,36.39,0.247934
1,28,20110204,56.45,56.58,55.39,56.03,60981950,-0.744021,-12.31455023,69546259,33,0.660361,59.1,10583.5,56.07,55.69,-0.677724
1,11,20110204,79.92,83.98,79.01,83.28,129743696,4.2042,12.45213672,115376817,24,0.528338,59.1,10583.5,83.45,82.82,-0.754943
1,2,20110211,17.33,17.48,16.97,17.37,114691279,0.230814,-25.71219489,154387761,90,0.172712,59.1,10583.5,17.39,17.28,-0.632547
1,1,20110211,43.96,46.79,43.88,46.75,43746998,6.34668,10.74718341,39501680,54,0.385027,59.1,10583.5,46.42,45.53,-1.91728
1,5,20110211,71.43,72.99,71.15,72.14,21809411,0.99398,-4.218921319,22770062,89,0.582201,59.1,10583.5,72.7,73.04,0.467675
1,4,20110211,14.51,14.87,14.35,14.77,746465458,1.79187,-1.416650312,757192224,19,0.0677048,59.1,10583.5,14.77,14.75,-0.13541
1,6,20110211,99.62,103.55,98.75,103.54,27632394,3.93495,-11.34736007,31169285,68,0.424957,59.1,10583.5,103.56,105.86,2.22093
1,8,20110211,22.11,22.34,18.61,18.7,1000362015,-15.4229,323.2821517,236334561,46,0.320856,59.1,10583.5,18.84,18.85,0.0530786
1,7,20110211,97.28,98.23,95.7,96.45,38838595,-0.853207,-20.35770486,48766293,3,0.746501,59.1,10583.5,95.5,98.72,3.37173
1,10,20110211,52.62,54.75,52.51,54.58,37155830,3.72482,19.58756841,31069977,0,0.751191,59.1,10583.5,54.44,55.98,2.8288
1,29,20110211,40.8,44.05,40.71,43.41,83975520,6.39706,56.90057634,53521486,301,0.921447,59.1,10583.5,43.19,43.56,0.85668
1,12,20110211,20.77,21.44,20.73,21.33,252254376,2.6962,2.296644945,246591055,3,0.656353,59.1,10583.5,21.51,21.44,-0.32543
1,14,20110211,36.8,37.48,36.41,37.48,36079400,1.84783,-13.77817556,41844858,25,0.667022,59.1,10583.5,37.47,38.48,2.69549
1,13,20110211,47.71,49.39,47.61,48.64,84089936,1.94928,12.90934065,74475624,31,0.164474,59.1,10583.5,48.45,48.67,0.454076
1,16,20110211,164.08,166.25,163.18,163.85,26106753,-0.140176,2.874986459,25377163,84,0.457736,59.1,10583.5,164.18,164.84,0.401998
1,15,20110211,21.74,21.86,21.35,21.76,236842359,0.0919963,-14.79542216,277969054,82,0.827206,59.1,10583.5,21.63,22.14,2.35784
1,17,20110211,60.88,61.17,60.42,60.7,42897125,-0.295664,-32.596127,63641929,14,0.889621,59.1,10583.5,60.69,61.11,0.692042
1,18,20110211,44.75,46.89,44.65,46.57,162434145,4.06704,18.19403927,137430065,52,0.536826,59.1,10583.5,46,48,4.34783
1,9,20110211,62.67,64.75,62.32,63.57,46269528,1.43609,32.71728784,34863226,28,0.739342,59.1,10583.5,63.67,64.55,1.38213
1,19,20110211,31.18,31.25,30.24,30.66,65912258,-1.66774,89.59721938,34764359,46,0.945858,59.1,10583.5,30.67,30.91,0.782524
1,20,20110211,74.13,76.32,73.3,76.14,39363816,2.71145,-5.192091561,41519549,14,0.801156,59.1,10583.5,76.07,76.13,0.0788747
1,0,20110211,88.17,91.95,87.81,91.8,16315175,4.11705,9.051745919,14960948,5,0.599129,59.1,10583.5,91.72,92.96,1.35194
1,21,20110211,32.94,33.3,32.74,33.07,62039482,0.394657,-45.99628156,114880019,28,1.14908,59.1,10583.5,32.97,32.85,-0.363967
1,22,20110211,27.8,28.34,27.07,27.25,317408348,-1.97842,15.65978237,274432773,4,0.587156,59.1,10583.5,27.2,27.06,-0.514706
1,23,20110211,19.27,19.3,18.62,18.83,180912039,-2.28334,-49.58134131,358819619,89,1.06213,59.1,10583.5,18.82,19.19,1.96599
1,24,20110211,63.95,64.97,63.8,64.73,51999812,1.2197,-9.093683651,57201539,75,0.818786,59.1,10583.5,64.8,64.3,-0.771605
1,3,20110211,27.97,28.59,27.63,28.47,128889979,1.78763,8.795535062,118469916,54,1.51036,59.1,10583.5,28.4,28.57,0.598592
1,25,20110211,57.32,59.12,56.97,58.99,19539527,2.91347,-28.93286033,27494461,25,0.610273,59.1,10583.5,58.84,60.92,3.53501
1,26,20110211,82.85,85.46,82.73,85.2,16641148,2.83645,6.06869297,15689029,5,0.504695,59.1,10583.5,85.07,85.01,-0.0705302
1,27,20110211,36.3,36.77,35.77,36.39,78429505,0.247934,7.598980746,72890565,54,1.34652,59.1,10583.5,36.31,36.62,0.853759
1,28,20110211,56.07,56.73,55.3,55.69,49477410,-0.677724,-18.86548397,60981950,26,0.664392,59.1,10583.5,55.26,55.38,0.217155
1,11,20110211,83.45,84,81.61,82.82,85733429,-0.754943,-33.920929,129743696,17,0.531273,59.1,10583.5,82,84.5,3.04878
1,2,20110218,17.39,17.68,17.28,17.28,80023895,-0.632547,-30.22669579,114691279,83,0.173611,59.1,10583.5,16.98,16.68,-1.76678
1,1,20110218,46.42,46.93,45.53,45.53,28564910,-1.91728,-34.70429674,43746998,47,0.395344,59.1,10583.5,44.94,43.53,-3.13752
1,5,20110218,72.7,73.04,71.09,73.04,15989248,0.467675,-26.68647494,21809411,82,0.575027,59.1,10583.5,72.35,72.3,-0.0691085
1,4,20110218,14.77,14.95,14.69,14.75,458423511,-0.13541,-38.58744486,746465458,12,0.0677966,59.1,10583.5,14.38,14.2,-1.25174
1,6,20110218,103.56,105.86,102.01,105.86,16331886,2.22093,-40.89587026,27632394,61,0.415643,59.1,10583.5,104.86,102,-2.72745
1,8,20110218,18.84,18.95,18.56,18.85,390258123,0.0530786,-60.98831052,1000362015,39,0.318302,59.1,10583.5,18.73,18.64,-0.480513
1,7,20110218,95.5,98.72,95.5,98.72,28037827,3.37173,-27.80936849,38838595,89,0.739465,59.1,10583.5,99.23,102.1,2.89227
1,10,20110218,54.44,55.98,53.8,55.98,27705910,2.8288,-25.43320927,37155830,82,0.732404,59.1,10583.5,54.95,54.07,-1.60146
1,29,20110218,43.19,43.9,42.98,43.56,33868302,0.85668,-59.6688392,83975520,294,0.918274,59.1,10583.5,42.83,42.95,0.280177
1,12,20110218,21.51,21.65,21.24,21.44,158691572,-0.32543,-37.09065646,252254376,118,0.652985,59.1,10583.5,20.88,20.82,-0.287356
1,14,20110218,37.47,38.48,37.27,38.48,30619613,2.69549,-15.13269899,36079400,18,0.649688,59.1,10583.5,39.3,37.08,-5.64885
1,13,20110218,48.45,49.12,47.54,48.67,49401750,0.454076,-41.25129314,84089936,24,0.164372,59.1,10583.5,47.57,42.68,-10.2796
1,16,20110218,164.18,164.84,162.52,164.84,14352613,0.401998,-45.02337001,26106753,77,0.454987,59.1,10583.5,163.57,162.28,-0.788653
1,15,20110218,21.63,22.14,21.28,22.14,201181541,2.35784,-15.05677369,236842359,75,0.813008,59.1,10583.5,21.95,21.86,-0.410023
1,17,20110218,60.69,61.11,60.33,61.11,33273371,0.692042,-22.43449648,42897125,7,0.883652,59.1,10583.5,60.68,59.64,-1.71391
1,18,20110218,46,48,46,48,131941706,4.34783,-18.77218549,162434145,45,0.520833,59.1,10583.5,47.2,46.68,-1.10169
1,9,20110218,63.67,64.72,62.55,64.55,29937386,1.38213,-35.29783576,46269528,21,0.728118,59.1,10583.5,63.36,64.31,1.49937
1,19,20110218,30.67,30.93,30.26,30.91,38172345,0.782524,-42.08612152,65912258,39,0.938208,59.1,10583.5,30.72,31.71,3.22266
1,20,20110218,76.07,76.45,75.7,76.13,16734140,0.0788747,-57.48852195,39363816,7,0.801261,59.1,10583.5,75.95,74.44,-1.98815
1,0,20110218,91.72,92.96,91,92.96,13431331,1.35194,-17.6758386,16315175,89,0.591652,59.1,10583.5,92.73,90.25,-2.67443
1,21,20110218,32.97,33.19,32.65,32.85,54419625,-0.363967,-12.28227051,62039482,21,1.15677,59.1,10583.5,32.75,32.19,-1.70992
1,22,20110218,27.2,27.37,26.6,27.06,228916129,-0.514706,-27.87961298,317408348,88,0.591279,59.1,10583.5,26.78,26.55,-0.85885
1,23,20110218,18.82,19.39,18.72,19.19,153153528,1.96599,-15.34365051,180912039,82,1.04221,59.1,10583.5,18.88,18.86,-0.105932
1,24,20110218,64.8,64.8,63.4,64.3,36098973,-0.771605,-30.57864709,51999812,68,0.824261,59.1,10583.5,63.73,62.84,-1.39652
1,3,20110218,28.4,28.57,28,28.57,88244232,0.598592,-31.53522664,128889979,47,1.50508,59.1,10583.5,28.32,28.13,-0.670904
1,25,20110218,58.84,60.92,58.53,60.92,14107769,3.53501,-27.79882031,19539527,18,0.590939,59.1,10583.5,60.6,59.6,-1.65016
1,26,20110218,85.07,85.44,84.25,85.01,11922670,-0.0705302,-28.35428181,16641148,89,0.564639,59.1,10583.5,84.54,83.37,-1.38396
1,27,20110218,36.31,36.62,35.66,36.62,68915874,0.853759,-12.13016836,78429505,47,1.33807,59.1,10583.5,36.24,35.97,-0.745033
1,28,20110218,55.26,55.38,54.35,55.38,51556658,0.217155,4.202418841,49477410,19,0.668111,59.1,10583.5,53.81,51.75,-3.82828
1,11,20110218,82,85.1,81.8,84.5,93325562,3.04878,8.855510725,85733429,10,0.52071,59.1,10583.5,84.97,85.34,0.435448
1,2,20110225,16.98,17.15,15.96,16.68,132981863,-1.76678,66.17769355,80023895,76,0.179856,59.1,10583.5,16.81,16.58,-1.36823
1,1,20110225,44.94,45.12,43.01,43.53,39654146,-3.13752,38.82118305,28564910,40,0.413508,59.1,10583.5,43.73,43.72,-0.0228676
1,5,20110225,72.35,74.29,70,72.3,26258425,-0.0691085,64.2255158,15989248,75,0.580913,59.1,10583.5,72.47,71.8,-0.92452
1,4,20110225,14.38,14.52,13.79,14.2,712456757,-1.25174,55.41453261,458423511,5,0.0704225,59.1,10583.5,14.27,14.12,-1.05116
1,6,20110225,104.86,105.3,98.03,102,28146727,-2.72745,72.34217163,16331886,54,0.431373,59.1,10583.5,102.72,103.04,0.311526
1,8,20110225,18.73,18.74,18.23,18.64,285212201,-0.480513,-26.91703665,390258123,32,0.321888,59.1,10583.5,18.62,18.4,-1.18153
1,7,20110225,99.23,103.94,99.23,102.1,57897831,2.89227,106.4989951,28037827,82,0.714985,59.1,10583.5,102.28,103.75,1.43723
1,10,20110225,54.95,55.3,52.36,54.07,33190716,-1.60146,19.79651995,27705910,75,0.758276,59.1,10583.5,54.22,53.87,-0.645518
1,29,20110225,42.83,43.28,41.6,42.95,56966763,0.280177,68.20082389,33868302,287,0.931315,59.1,10583.5,43.02,43.55,1.23199
1,12,20110225,20.88,21.21,20.08,20.82,268500170,-0.287356,69.1962381,158691572,111,0.67243,59.1,10583.5,20.95,20.37,-2.7685
1,14,20110225,39.3,39.38,36.78,37.08,54816070,-5.64885,79.02273944,30619613,11,0.674218,59.1,10583.5,37.15,37.22,0.188425
1,13,20110225,47.57,48.55,42.08,42.68,211147488,-10.2796,327.4089238,49401750,17,0.187441,59.1,10583.5,43.06,42.61,-1.04505
1,16,20110225,163.57,164.26,159.03,162.28,21443811,-0.788653,49.40701738,14352613,70,0.462164,59.1,10583.5,162.36,161.83,-0.326435
1,15,20110225,21.95,22.19,21.01,21.86,256135777,-0.410023,27.31574464,201181541,68,0.823422,59.1,10583.5,21.75,21.56,-0.873563
1,17,20110225,60.68,61.08,59.36,59.64,46786798,-1.71391,40.61333912,33273371,0,0.905433,59.1,10583.5,59.93,61.06,1.88553
1,18,20110225,47.2,47.27,45.21,46.68,139540125,-1.10169,5.758921292,131941706,38,0.535561,59.1,10583.5,46.81,45.52,-2.75582
1,9,20110225,63.36,64.4,63.33,64.31,32331825,1.49937,7.998156552,29937386,14,0.730835,59.1,10583.5,64.17,65.21,1.62069
1,19,20110225,30.72,32.2,30.66,31.71,50462721,3.22266,32.19706832,38172345,32,0.914538,59.1,10583.5,31.82,31.58,-0.754243
1,20,20110225,75.95,76.45,74.42,74.44,27881213,-1.98815,66.61276289,16734140,0,0.819452,59.1,10583.5,74.51,76.03,2.03999
1,0,20110225,92.73,93.65,89.27,90.25,17249356,-2.67443,28.42625947,13431331,82,0.609418,59.1,10583.5,91.9,92.19,0.31556
1,21,20110225,32.75,32.8,31.85,32.19,57467917,-1.70992,5.601457195,54419625,14,1.18049,59.1,10583.5,32.2,33.06,2.67081
1,22,20110225,26.78,27.1,26.43,26.55,238628349,-0.85885,4.242697988,228916129,81,0.602637,59.1,10583.5,26.69,25.95,-2.77257
1,23,20110225,18.88,19.13,18.67,18.86,177077740,-0.105932,15.6210649,153153528,75,1.06045,59.1,10583.5,18.95,19.66,3.7467
1,24,20110225,63.73,64.4,62.53,62.84,47748854,-1.39652,32.2720566,36098973,61,0.843412,59.1,10583.5,62.8,62.03,-1.22611
1,3,20110225,28.32,28.42,27.61,28.13,94960503,-0.670904,7.611002836,88244232,40,1.52862,59.1,10583.5,28.25,27.92,-1.16814
1,25,20110225,60.6,61.15,59.05,59.6,20849299,-1.65016,47.78593979,14107769,11,0.604027,59.1,10583.5,59.6,59.18,-0.704698
1,26,20110225,84.54,84.69,81.81,83.37,15551183,-1.38396,30.43372835,11922670,82,0.575747,59.1,10583.5,83.58,82.86,-0.86145
1,27,20110225,36.24,36.32,35.34,35.97,57673647,-0.745033,-16.31297167,68915874,40,1.36225,59.1,10583.5,36.06,36.08,0.0554631
1,28,20110225,53.81,54.01,51.52,51.75,92696912,-3.82828,79.79620013,51556658,12,0.714976,59.1,10583.5,51.75,52.07,0.618357
1,11,20110225,84.97,88.23,84.73,85.34,122018405,0.435448,30.74489174,93325562,3,0.515585,59.1,10583.5,85.87,85.08,-0.919995
1,2,20110304,16.81,16.94,16.13,16.58,109493077,-1.36823,-17.66315005,132981863,69,0.180941,58.9,10624.6,16.58,16.03,-3.31725
1,1,20110304,43.73,44.68,42.75,43.72,38985037,-0.0228676,-1.687362023,39654146,33,0.411711,58.9,10624.6,43.86,44.28,0.957592
1,5,20110304,72.47,72.9,68.6,71.8,27527285,-0.92452,4.832201474,26258425,68,0.584958,58.9,10624.6,71.6,71.64,0.0558659
1,4,20110304,14.27,14.48,13.81,14.12,699671790,-1.05116,-1.794490244,712456757,89,0.0708215,58.9,10624.6,14.18,14.38,1.41044
1,6,20110304,102.72,104.43,99.35,103.04,29851515,0.311526,6.05678948,28146727,47,0.427019,58.9,10624.6,103.42,100.02,-3.28757
1,8,20110304,18.62,18.79,18.31,18.4,302059981,-1.18153,5.907103532,285212201,25,0.326087,58.9,10624.6,18.36,17.95,-2.23312
1,7,20110304,102.28,104.99,102.18,103.75,48214502,1.43723,-16.72485624,57897831,75,0.703614,58.9,10624.6,104.12,99.93,-4.0242
1,10,20110304,54.22,54.95,52.76,53.87,32958368,-0.645518,-0.700039131,33190716,68,0.761092,58.9,10624.6,54.1,52.9,-2.21811
1,29,20110304,43.02,44.34,42.97,43.55,53096584,1.23199,-6.79374919,56966763,280,0.918484,58.9,10624.6,43.53,42.93,-1.37836
1,12,20110304,20.95,21.17,20.16,20.37,261175412,-2.7685,-2.728027323,268500170,104,0.687285,58.9,10624.6,20.4,20.36,-0.196078
1,14,20110304,37.15,37.86,36.33,37.22,49763519,0.188425,-9.217280626,54816070,4,0.671682,58.9,10624.6,37.26,37.14,-0.322061
1,13,20110304,43.06,43.85,42.06,42.61,110702335,-1.04505,-47.57108595,211147488,10,0.187749,58.9,10624.6,42.9,41.73,-2.72727
1,16,20110304,162.36,164.31,159.41,161.83,21549118,-0.326435,0.491083418,21443811,63,0.463449,58.9,10624.6,161.6,162.43,0.513614
1,15,20110304,21.75,22.08,21.35,21.56,291751623,-0.873563,13.90506489,256135777,61,0.834879,58.9,10624.6,21.69,20.87,-3.78054
1,17,20110304,59.93,61.5,59.77,61.06,63576642,1.88553,35.88585823,46786798,83,0.933508,58.9,10624.6,61.09,59.69,-2.2917
1,18,20110304,46.81,47.18,45.07,45.52,139051830,-2.75582,-0.349931606,139540125,31,0.549209,58.9,10624.6,45.62,45.74,0.263043
1,9,20110304,64.17,65.87,63.86,65.21,61665987,1.62069,90.72844481,32331825,7,0.720748,58.9,10624.6,65.32,64.81,-0.780772
1,19,20110304,31.82,31.88,31.28,31.58,55211152,-0.754243,9.409779944,50462721,25,0.918303,58.9,10624.6,31.56,31.7,0.443599
1,20,20110304,74.51,76.63,73.64,76.03,41047787,2.03999,47.22382057,27881213,84,0.802315,58.9,10624.6,76.38,76.73,0.458235
1,0,20110304,91.9,93.4,90.24,92.19,17453306,0.31556,1.182362982,17249356,75,0.596594,58.9,10624.6,92.58,91.61,-1.04774
1,21,20110304,32.2,33.36,32.19,33.06,128028062,2.67081,122.7818036,57467917,7,1.14943,58.9,10624.6,33,32.73,-0.818182
1,22,20110304,26.69,26.86,25.8,25.95,298801508,-2.77257,25.2162659,238628349,74,0.61657,58.9,10624.6,26.13,25.68,-1.72216
1,23,20110304,18.95,19.9,18.9,19.66,257979737,3.7467,45.68727667,177077740,68,1.01729,58.9,10624.6,19.64,19.47,-0.86558
1,24,20110304,62.8,63.65,61.56,62.03,59801160,-1.22611,25.2410372,47748854,54,0.854425,58.9,10624.6,62,61.49,-0.822581
1,3,20110304,28.25,28.53,27.79,27.92,118740085,-1.16814,25.04155017,94960503,33,1.54011,58.9,10624.6,27.95,28.46,1.82469
1,25,20110304,59.6,60.02,58.53,59.18,20284170,-0.704698,-2.710541971,20849299,4,0.608314,58.9,10624.6,59.26,58.88,-0.641242
1,26,20110304,83.58,84.24,81.42,82.86,19167224,-0.86145,23.25251397,15551183,75,0.57929,58.9,10624.6,83.03,81.28,-2.10767
1,27,20110304,36.06,36.94,35.85,36.08,80086312,0.0554631,38.86118906,57673647,33,1.35809,58.9,10624.6,36.13,35.85,-0.774979
1,28,20110304,51.75,52.6,51.68,52.07,74964203,0.618357,-19.12977317,92696912,5,0.710582,58.9,10624.6,52.26,52.59,0.631458
1,11,20110304,85.87,86.56,83.55,85.08,102134160,-0.919995,-16.29610303,122018405,68,0.552421,58.9,10624.6,85.84,82.12,-4.33364
1,2,20110311,16.58,16.75,15.42,16.03,114332562,-3.31725,4.419900447,109493077,62,0.187149,58.9,10624.6,15.95,16.11,1.00313
1,1,20110311,43.86,45.54,43.53,44.28,37613429,0.957592,-3.518293442,38985037,26,0.406504,58.9,10624.6,43.86,44.17,0.706794
1,5,20110311,71.6,72.5,69.91,71.64,25556296,0.0558659,-7.160128578,27527285,61,0.586265,58.9,10624.6,71.17,69.1,-2.90853
1,4,20110311,14.18,14.7,13.92,14.38,805210688,1.41044,15.08405791,699671790,82,0.069541,58.9,10624.6,14.26,14.04,-1.54278
1,6,20110311,103.42,104.45,97.01,100.02,38614049,-3.28757,29.35373297,29851515,40,0.439912,58.9,10624.6,102.59,105.06,2.40764
1,8,20110311,18.36,18.37,17.76,17.95,311209442,-2.23312,3.029021246,302059981,18,0.334262,58.9,10624.6,17.81,17.14,-3.76193
1,7,20110311,104.12,104.77,97.6,99.93,43673568,-4.0242,-9.418191232,48214502,68,0.730511,58.9,10624.6,99.16,102.8,3.67084
1,10,20110311,54.1,54.49,51.82,52.9,27091813,-2.21811,-17.79989531,32958368,61,0.775047,58.9,10624.6,53.18,52.99,-0.357277
1,29,20110311,43.53,43.61,42.16,42.93,41229388,-1.37836,-22.35020618,53096584,273,0.931749,58.9,10624.6,42.64,41.23,-3.30675
1,12,20110311,20.4,20.79,19.94,20.36,303566341,-0.196078,16.23082689,261175412,97,0.687623,58.9,10624.6,19.96,19.25,-3.55711
1,14,20110311,37.26,37.78,36.54,37.14,49156185,-0.322061,-1.220440218,49763519,95,0.673129,58.9,10624.6,36.92,36,-2.49187
1,13,20110311,42.9,43.05,41.26,41.73,85140794,-2.72727,-23.0903359,110702335,3,0.191709,58.9,10624.6,41.31,41.32,0.0242072
1,16,20110311,161.6,167.72,158.85,162.43,31119857,0.513614,44.41359967,21549118,56,0.461737,58.9,10624.6,161.16,155.89,-3.27004
1,15,20110311,21.69,21.74,20.61,20.87,289874871,-3.78054,-0.643270457,291751623,54,0.862482,58.9,10624.6,20.66,19.93,-3.5334
1,17,20110311,61.09,61.1,59.11,59.69,53844149,-2.2917,-15.30828413,63576642,76,0.954934,58.9,10624.6,59.49,58.57,-1.54648
1,18,20110311,45.62,47.1,44.76,45.74,140414285,0.263043,0.979818101,139051830,24,0.546568,58.9,10624.6,45.42,45.74,0.704535
1,9,20110311,65.32,65.84,64.47,64.81,44560041,-0.780772,-27.73967763,61665987,0,0.725197,58.9,10624.6,64.34,62.7,-2.54896
1,19,20110311,31.56,31.79,31.18,31.7,41766976,0.443599,-24.3504718,55211152,18,0.914827,58.9,10624.6,31.51,30.99,-1.65027
1,20,20110311,76.38,77.25,74.97,76.73,34855064,0.458235,-15.08661843,41047787,77,0.794995,58.9,10624.6,76.1,72.99,-4.08673
1,0,20110311,92.58,94.16,89.71,91.61,18144593,-1.04774,3.960779694,17453306,68,0.600371,58.9,10624.6,91.21,88.98,-2.44491
1,21,20110311,33,33.48,32.45,32.73,91319466,-0.818182,-28.67230467,128028062,0,1.16101,58.9,10624.6,32.5,31.91,-1.81538
1,22,20110311,26.13,26.27,25.35,25.68,271799244,-1.72216,-9.036856668,298801508,67,0.623053,58.9,10624.6,25.49,24.8,-2.70694
1,23,20110311,19.64,19.75,19.3,19.47,195391037,-0.86558,-24.26109148,257979737,61,1.02722,58.9,10624.6,19.45,20.18,3.75321
1,24,20110311,62,62.3,61.12,61.49,52731797,-0.822581,-11.82144795,59801160,47,0.861929,58.9,10624.6,61.04,60.6,-0.720839
1,3,20110311,27.95,28.89,27.73,28.46,139153253,1.82469,17.19147161,118740085,26,1.51089,58.9,10624.6,28.32,27.94,-1.34181
1,25,20110311,59.26,59.72,57.88,58.88,15980871,-0.641242,-21.21506081,20284170,89,0.696332,58.9,10624.6,58.47,58.06,-0.701214
1,26,20110311,83.03,84.05,80.26,81.28,22004496,-2.10767,14.80272782,19167224,68,0.590551,58.9,10624.6,80.74,80.16,-0.718355
1,27,20110311,36.13,36.65,35.65,35.85,66137992,-0.774979,-17.41660922,80086312,26,1.36681,58.9,10624.6,35.74,35.84,0.279799
1,28,20110311,52.26,53.88,51.75,52.59,69185186,0.631458,-7.709035471,74964203,61,0.703556,58.9,10624.6,52.35,51.52,-1.58548
1,11,20110311,85.84,86.08,80.1,82.12,92727886,-4.33364,-9.209723759,102134160,61,0.572333,58.9,10624.6,81.67,80.85,-1.00404
1,2,20110318,15.95,16.33,15.43,16.11,130374108,1.00313,14.03060136,114332562,55,0.18622,58.9,10624.6,16.38,17.09,4.33455
1,1,20110318,43.86,44.47,42.19,44.17,41757526,0.706794,11.01759959,37613429,19,0.407516,58.9,10624.6,44.75,45.59,1.87709
1,5,20110318,71.17,71.23,67.34,69.1,29746370,-2.90853,16.3954667,25556296,54,0.607815,58.9,10624.6,70.29,73.34,4.33917
1,4,20110318,14.26,14.35,13.66,14.04,792380862,-1.54278,-1.593350187,805210688,75,0.0712251,58.9,10624.6,14.2,13.34,-6.05634
1,6,20110318,102.59,105.64,98.55,105.06,54195667,2.40764,40.35219927,38614049,33,0.418808,58.9,10624.6,106.9,109.09,2.04864
1,8,20110318,17.81,17.88,16.97,17.14,444161658,-3.76193,42.72113826,311209442,11,0.350058,58.9,10624.6,17.34,17.28,-0.346021
1,7,20110318,99.16,103.97,97.98,102.8,56186791,3.67084,28.6517076,43673568,61,0.710117,58.9,10624.6,103.86,106.78,2.81148
1,10,20110318,53.18,53.5,51.1,52.99,39779608,-0.357277,46.83258001,27091813,54,0.773731,58.9,10624.6,53.8,54.1,0.557621
1,29,20110318,42.64,42.67,40.42,41.23,65060004,-3.30675,57.80007212,41229388,266,0.970167,58.9,10624.6,41.46,42.97,3.64206
1,12,20110318,19.96,20.09,18.6,19.25,520516218,-3.55711,71.46703956,303566341,90,0.727273,58.9,10624.6,19.68,19.75,0.355691
1,14,20110318,36.92,36.94,35.43,36,52758908,-2.49187,7.329134676,49156185,88,0.694444,58.9,10624.6,36.29,37.42,3.11381
1,13,20110318,41.31,42.15,40.1,41.32,121051768,0.0242072,42.1783405,85140794,87,0.314618,58.9,10624.6,41.85,42.53,1.62485
1,16,20110318,161.16,161.98,151.71,155.89,41827781,-3.27004,34.40865426,31119857,49,0.481108,58.9,10624.6,157.64,162.18,2.87998
1,15,20110318,20.66,20.88,19.71,19.93,347426088,-3.5334,19.85381375,289874871,47,0.903161,58.9,10624.6,19.9,20.37,2.36181
1,17,20110318,59.49,59.49,57.5,58.57,71716802,-1.54648,33.19330574,53844149,69,0.973194,58.9,10624.6,58.67,58.98,0.528379
1,18,20110318,45.42,46.18,43.4,45.74,226413618,0.704535,61.24685462,140414285,17,0.546568,58.9,10624.6,46.28,45.86,-0.907519
1,9,20110318,64.34,64.61,61.29,62.7,59542953,-2.54896,33.62409833,44560041,87,0.749601,58.9,10624.6,63.13,65.22,3.31063
1,19,20110318,31.51,31.6,30.45,30.99,51736270,-1.65027,23.86884317,41766976,11,0.935786,58.9,10624.6,30.78,31.26,1.55945
1,20,20110318,76.1,76.41,72.89,72.99,40853280,-4.08673,17.20902306,34855064,70,0.835731,58.9,10624.6,73.5,75.25,2.38095
1,0,20110318,91.21,91.21,86.91,88.98,23633329,-2.44491,30.24998136,18144593,61,0.618116,58.9,10624.6,90.27,92.27,2.21558
1,21,20110318,32.5,32.6,31.06,31.91,86394177,-1.81538,-5.393471092,91319466,87,1.19085,58.9,10624.6,32.09,32.57,1.49579
1,22,20110318,25.49,25.76,24.68,24.8,379216242,-2.70694,39.52071257,271799244,60,0.645161,58.9,10624.6,25.18,25.62,1.74742
1,23,20110318,19.45,20.29,19.15,20.18,457640533,3.75321,134.2177717,195391037,54,0.99108,58.9,10624.6,20.32,20.35,0.147638
1,24,20110318,61.04,61.39,59.7,60.6,66311521,-0.720839,25.75243927,52731797,40,0.874587,58.9,10624.6,60.96,60.88,-0.131234
1,3,20110318,28.32,28.42,27.27,27.94,153806769,-1.34181,10.53048756,139153253,19,1.53901,58.9,10624.6,28.77,28.85,0.278067
1,25,20110318,58.47,59.51,57.51,58.06,24832210,-0.701214,55.38708747,15980871,82,0.706166,58.9,10624.6,58.44,58.98,0.924025
1,26,20110318,80.74,81.23,77.05,80.16,26234929,-0.718355,19.22531195,22004496,61,0.598802,58.9,10624.6,81.3,83.52,2.73063
1,27,20110318,35.74,35.84,33.36,35.84,124202175,0.279799,87.7924794,66137992,19,1.36719,58.9,10624.6,36.66,37.29,1.71849
1,28,20110318,52.35,52.52,50.97,51.52,63198175,-1.58548,-8.653602521,69185186,54,0.718168,58.9,10624.6,51.73,52.35,1.19853
1,11,20110318,81.67,82.64,78.8,80.85,123914255,-1.00404,33.63213629,92727886,54,0.581323,58.9,10624.6,81.87,83.62,2.13754
1,2,20110325,16.38,17.24,16.26,17.09,95550392,4.33455,-26.71060729,130374108,48,0.175541,58.9,10624.6,17.13,17.47,1.98482
1,1,20110325,44.75,45.61,44.1,45.59,30798332,1.87709,-26.24483548,41757526,12,0.394823,58.9,10624.6,45.54,45.36,-0.395257
1,5,20110325,70.29,73.5,70.03,73.34,24423545,4.33917,-17.89403211,29746370,47,0.572675,58.9,10624.6,73.5,74.01,0.693878
1,4,20110325,14.2,14.22,13.32,13.34,717678994,-6.05634,-9.427520474,792380862,68,0.0749625,58.9,10624.6,13.42,13.37,-0.372578
1,6,20110325,106.9,110.15,105.64,109.09,37837456,2.04864,-30.18361413,54195667,26,0.403337,58.9,10624.6,109.54,113.12,3.26821
1,8,20110325,17.34,17.64,17.2,17.28,284574143,-0.346021,-35.93005207,444161658,4,0.347222,58.9,10624.6,17.36,17.04,-1.84332
1,7,20110325,103.86,107.01,103.2,106.78,39606692,2.81148,-29.50889116,56186791,54,0.683649,58.9,10624.6,106.4,108.32,1.80451
1,10,20110325,53.8,54.64,52.89,54.1,24464568,0.557621,-38.49972579,39779608,47,0.757856,58.9,10624.6,54.11,55.19,1.99593
1,29,20110325,41.46,43.24,40.87,42.97,40696371,3.64206,-37.44794267,65060004,259,0.930882,58.9,10624.6,43.19,42.85,-0.787219
1,12,20110325,19.68,19.93,19.25,19.75,227819072,0.355691,-56.23208958,520516218,83,0.708861,58.9,10624.6,19.81,20.34,2.67542
1,14,20110325,36.29,37.82,36.03,37.42,40337534,3.11381,-23.54365257,52758908,81,0.668092,58.9,10624.6,37.46,37.56,0.266951
1,13,20110325,41.85,43.28,41.35,42.53,78089358,1.62485,-35.49093971,121051768,80,0.305667,58.9,10624.6,42.42,40.98,-3.39463
1,16,20110325,157.64,162.74,157.07,162.18,25381792,2.87998,-39.31833965,41827781,42,0.462449,58.9,10624.6,161.54,164.27,1.68998
1,15,20110325,19.9,20.6,19.88,20.37,229150771,2.36181,-34.04330333,347426088,40,0.883652,58.9,10624.6,20.44,19.72,-3.5225
1,17,20110325,58.67,59.16,58.5,58.98,47498000,0.528379,-33.77005294,71716802,62,0.966429,58.9,10624.6,58.98,59.49,0.8647
1,18,20110325,46.28,46.38,44.77,45.86,117959443,-0.907519,-47.9009063,226413618,10,0.545137,58.9,10624.6,46.1,46.35,0.542299
1,9,20110325,63.13,65.39,63.05,65.22,29853434,3.31063,-49.86235567,59542953,80,0.720638,58.9,10624.6,65.2,67.22,3.09816
1,19,20110325,30.78,31.49,30.43,31.26,41958399,1.55945,-18.899451,51736270,4,0.927703,58.9,10624.6,31.35,31.61,0.829346
1,20,20110325,73.5,75.75,73.38,75.25,23877441,2.38095,-41.55318496,40853280,63,0.810631,58.9,10624.6,75.55,75.99,0.582396
1,0,20110325,90.27,92.98,90.17,92.27,14970403,2.21558,-36.65554692,23633329,54,0.596077,58.9,10624.6,92.42,93.13,0.768232
1,21,20110325,32.09,32.9,32.04,32.57,66135182,1.49579,-23.44949128,86394177,80,1.16672,58.9,10624.6,32.54,33.07,1.62876
1,22,20110325,25.18,25.95,25.15,25.62,217545216,1.74742,-42.63293817,379216242,53,0.624512,58.9,10624.6,25.66,25.48,-0.701481
1,23,20110325,20.32,20.5,19.74,20.35,215914627,0.147638,-52.82003856,457640533,47,0.982801,58.9,10624.6,20.42,20.38,-0.195886
1,24,20110325,60.96,61.52,60.54,60.88,41351155,-0.131234,-37.64106994,66311521,33,0.870565,58.9,10624.6,61.08,62.08,1.6372
1,3,20110325,28.77,29.1,27.95,28.85,169105318,0.278067,9.946603195,153806769,12,1.49047,58.9,10624.6,29.02,30.62,5.51344
1,25,20110325,58.44,59.28,57.99,58.98,14126721,0.924025,-43.11130181,24832210,75,0.695151,58.9,10624.6,59.09,59.71,1.04925
1,26,20110325,81.3,83.59,80.57,83.52,19032729,2.73063,-27.4527139,26234929,54,0.574713,58.9,10624.6,83.75,85.32,1.87463
1,27,20110325,36.66,37.32,36.37,37.29,79604168,1.71849,-35.90758938,124202175,12,1.31403,58.9,10624.6,37.44,38.47,2.75107
1,28,20110325,51.73,52.95,51.38,52.35,53385178,1.19853,-15.52734236,63198175,47,0.706781,58.9,10624.6,52.31,52.13,-0.344102
1,11,20110325,81.87,83.93,81.86,83.62,83364516,2.13754,-32.72403082,123914255,47,0.562066,58.9,10624.6,83.86,84.68,0.97782
2,2,20110401,17.13,17.8,17.02,17.47,103320396,1.98482,8.131838957,95550392,41,0.171723,53.7,10653.1,17.42,17.92,2.87026
2,1,20110401,45.54,46.29,45.11,45.36,28738689,-0.395257,-6.687514765,30798332,5,0.396825,53.7,10653.1,45.61,46.28,1.46898
2,5,20110401,73.5,74.85,73.03,74.01,20590618,0.693878,-15.69357356,24423545,40,0.567491,53.7,10653.1,73.38,73.47,0.122649
2,4,20110401,13.42,13.61,13.16,13.37,499672763,-0.372578,-30.37656568,717678994,61,0.0747943,53.7,10653.1,13.4,13.48,0.597015
2,6,20110401,109.54,113.59,108.61,113.12,28116391,3.26821,-25.69164534,37837456,19,0.388967,53.7,10653.1,113.75,109.82,-3.45495
2,8,20110401,17.36,17.6,16.99,17.04,308644641,-1.84332,8.458427651,284574143,95,0.352113,53.7,10653.1,17.01,17.65,3.76249
2,7,20110401,106.4,109.65,105.52,108.32,35824123,1.80451,-9.55032801,39606692,47,0.673929,53.7,10653.1,108.52,109.66,1.0505
2,10,20110401,54.11,55.8,53.7,55.19,23341552,1.99593,-4.590377398,24464568,40,0.742888,53.7,10653.1,55.5,55.4,-0.18018
2,29,20110401,43.19,43.48,42.36,42.85,34130223,-0.787219,-16.13448039,40696371,252,0.933489,53.7,10653.1,42.87,41.76,-2.58922
2,12,20110401,19.81,20.5,19.53,20.34,207897262,2.67542,-8.744575169,227819072,76,0.688299,53.7,10653.1,20.73,20.19,-2.60492
2,14,20110401,37.46,37.87,36.62,37.56,52881329,0.266951,31.09707946,40337534,74,0.665602,53.7,10653.1,37.48,37.46,-0.0533618
2,13,20110401,42.42,42.83,37.6,40.98,90069975,-3.39463,15.34218914,78089358,73,0.317228,53.7,10653.1,40.65,40.7,0.123001
2,16,20110401,161.54,164.42,161.12,164.27,19081936,1.68998,-24.82037517,25381792,35,0.456565,53.7,10653.1,164.42,164.05,-0.225033
2,15,20110401,20.44,20.66,19.56,19.72,321390635,-3.5225,40.25291453,229150771,33,0.912779,53.7,10653.1,19.79,20.02,1.1622
2,17,20110401,58.98,59.73,58.93,59.49,48029143,0.8647,1.118242873,47498000,55,0.958144,53.7,10653.1,59.5,59.46,-0.0672269
2,18,20110401,46.1,46.88,45.51,46.35,112702290,0.542299,-4.456746206,117959443,3,0.539374,53.7,10653.1,46.12,46.84,1.56114
2,9,20110401,65.2,67.48,65.03,67.22,39265955,3.09816,31.5291065,29853434,73,0.699197,53.7,10653.1,67.22,67.27,0.0743826
2,19,20110401,31.35,31.7,31.06,31.61,38759730,0.829346,-7.623429578,41958399,88,0.917431,53.7,10653.1,31.71,31.67,-0.126143
2,20,20110401,75.55,76.5,74.87,75.99,17977737,0.582396,-24.7082759,23877441,56,0.802737,53.7,10653.1,76.31,76.04,-0.35382
2,0,20110401,92.42,94.33,91.9,93.13,14958061,0.768232,-0.08244267,14970403,47,0.590572,53.7,10653.1,92.68,93.22,0.58265
2,21,20110401,32.54,33.48,32.39,33.07,60348951,1.62876,-8.749096661,66135182,73,1.14908,53.7,10653.1,33.34,33.67,0.989802
2,22,20110401,25.66,25.72,25.3,25.48,258143967,-0.701481,18.66221273,217545216,46,0.627944,53.7,10653.1,25.45,26.07,2.43615
2,23,20110401,20.42,20.57,20.11,20.38,170424399,-0.195886,-21.06861801,215914627,40,0.981354,53.7,10653.1,20.55,20.46,-0.437956
2,24,20110401,61.08,62.3,60.61,62.08,43453701,1.6372,5.08461251,41351155,26,0.853737,53.7,10653.1,62.17,61.9,-0.434293
2,3,20110401,29.02,30.97,28.9,30.62,384284485,5.51344,127.2456535,169105318,5,1.40431,53.7,10653.1,30.74,30.71,-0.0975927
2,25,20110401,59.09,60.01,58.37,59.71,16608737,1.04925,17.56965399,14126721,68,0.686652,53.7,10653.1,59.83,59.58,-0.417851
2,26,20110401,83.75,85.95,83.26,85.32,16314122,1.87463,-14.28385283,19032729,47,0.562588,53.7,10653.1,85.66,84.81,-0.992295
2,27,20110401,37.44,38.95,37.42,38.47,96766651,2.75107,21.55977938,79604168,5,1.27372,53.7,10653.1,38.53,37.72,-2.10226
2,28,20110401,52.31,52.74,51.89,52.13,44519431,-0.344102,-16.60713204,53385178,40,0.709764,53.7,10653.1,52.31,52.54,0.439686
2,11,20110401,83.86,84.94,82.61,84.68,77569311,0.97782,-6.95164475,83364516,40,0.555031,53.7,10653.1,84.26,85.95,2.0057
2,2,20110408,17.42,18.47,17.42,17.92,129237024,2.87026,25.08374823,103320396,34,0.167411,53.7,10653.1,18.06,16.52,-8.52713
2,1,20110408,45.61,46.49,45.1,46.28,31114741,1.46898,8.267781457,28738689,82,0.388937,53.7,10653.1,46.36,46.25,-0.237274
2,5,20110408,73.38,74.85,72.71,73.47,21220138,0.122649,3.057314744,20590618,33,0.571662,53.7,10653.1,73.65,72.6,-1.42566
2,4,20110408,13.4,13.88,13.37,13.48,480033181,0.597015,-3.930488803,499672763,54,0.074184,53.7,10653.1,13.5,12.82,-5.03704
2,6,20110408,113.75,113.93,108.88,109.82,28772937,-3.45495,2.335100547,28116391,12,0.400656,53.7,10653.1,110.02,107.21,-2.55408
2,8,20110408,17.01,18.29,17,17.65,539982011,3.76249,74.95266053,308644641,88,0.339943,53.7,10653.1,17.71,17.03,-3.83964
2,7,20110408,108.52,109.94,107.51,109.66,31958307,1.0505,-10.79109738,35824123,40,0.665694,53.7,10653.1,109.74,106.24,-3.18936
2,10,20110408,55.5,56.52,55,55.4,19685778,-0.18018,-15.66208622,23341552,33,0.740072,53.7,10653.1,55.45,54.89,-1.00992
2,29,20110408,42.87,43.05,41.4,41.76,39055258,-2.58922,14.43012839,34130223,245,0.957854,53.7,10653.1,41.76,41.52,-0.574713
2,12,20110408,20.73,20.75,20.07,20.19,238618636,-2.60492,14.77719028,207897262,69,0.693413,53.7,10653.1,20.24,20.04,-0.988142
2,14,20110408,37.48,37.96,37.21,37.46,47021433,-0.0533618,-11.08121923,52881329,67,0.667379,53.7,10653.1,37.45,38.17,1.92256
2,13,20110408,40.65,41.8,40.2,40.7,87672936,0.123001,-2.6613075,90069975,66,0.31941,53.7,10653.1,40.71,40.26,-1.10538
2,16,20110408,164.42,164.75,163.16,164.05,17615408,-0.225033,-7.68542563,19081936,28,0.457178,53.7,10653.1,163.44,166.21,1.69481
2,15,20110408,19.79,20.2,19.36,20.02,286343950,1.1622,-10.90470013,321390635,26,0.899101,53.7,10653.1,20.07,19.75,-1.59442
2,17,20110408,59.5,60.18,59.25,59.46,47141409,-0.0672269,-1.848323631,48029143,48,0.958628,53.7,10653.1,59.54,60.56,1.71313
2,18,20110408,46.12,47.8,46.05,46.84,121937602,1.56114,8.194431542,112702290,84,0.533732,53.7,10653.1,47,44.89,-4.48936
2,9,20110408,67.22,67.82,66.86,67.27,32024467,0.0743826,-18.44215428,39265955,66,0.698677,53.7,10653.1,67.25,68.01,1.13011
2,19,20110408,31.71,31.88,31.35,31.67,34314135,-0.126143,-11.46962324,38759730,81,0.915693,53.7,10653.1,31.73,33.36,5.13709
2,20,20110408,76.31,76.91,75.66,76.04,22337802,-0.35382,24.25257973,17977737,49,0.802209,53.7,10653.1,76.15,77.38,1.61523
2,0,20110408,92.68,94.1,92.6,93.22,12672220,0.58265,-15.28166652,14958061,40,0.590002,53.7,10653.1,93.59,92.82,-0.822737
2,21,20110408,33.34,33.7,33.01,33.67,64799122,0.989802,7.37406521,60348951,66,1.1286,53.7,10653.1,33.68,34.51,2.46437
2,22,20110408,25.45,26.31,25.41,26.07,260749872,2.43615,1.009477398,258143967,39,0.613732,53.7,10653.1,26.19,25.37,-3.13097
2,23,20110408,20.55,20.61,20.15,20.46,199157969,-0.437956,16.86000958,170424399,33,0.977517,53.7,10653.1,20.55,20.53,-0.0973236
2,24,20110408,62.17,62.33,61.47,61.9,38792072,-0.434293,-10.72780659,43453701,19,0.85622,53.7,10653.1,62.02,64.18,3.48275
2,3,20110408,30.74,31,29.99,30.71,148206324,-0.0975927,-61.43317522,384284485,89,1.4002,53.7,10653.1,30.75,30.65,-0.325203
2,25,20110408,59.83,60,59.11,59.58,12307164,-0.417851,-25.89945882,16608737,61,0.68815,53.7,10653.1,59.85,59.8,-0.0835422
2,26,20110408,85.66,86,84.18,84.81,11690792,-0.992295,-28.339435,16314122,40,0.565971,53.7,10653.1,85,83.45,-1.82353
2,27,20110408,38.53,38.7,37.26,37.72,62429599,-2.10226,-35.48438604,96766651,89,1.29905,53.7,10653.1,37.75,37.85,0.264901
2,28,20110408,52.31,53.24,52.06,52.54,48382262,0.439686,8.676730392,44519431,33,0.704225,53.7,10653.1,52.54,53.55,1.92234
2,11,20110408,84.26,86.22,84.07,85.95,75566590,2.0057,-2.581847092,77569311,33,0.54683,53.7,10653.1,85.95,84.29,-1.93136
2,2,20110415,18.06,18.19,16.38,16.52,213061090,-8.52713,64.86072134,129237024,27,0.181598,53.7,10653.1,16.36,16.97,3.72861
2,1,20110415,46.36,46.95,45.6,46.25,29090940,-0.237274,-6.504315752,31114741,75,0.389189,53.7,10653.1,45.85,47.11,2.74809
2,5,20110415,73.65,74.28,70.88,72.6,19492289,-1.42566,-8.142496529,21220138,26,0.578512,53.7,10653.1,72.72,75.44,3.74037
2,4,20110415,13.5,13.64,12.82,12.82,670594575,-5.03704,39.69754624,480033181,47,0.0780031,53.7,10653.1,12.59,12.31,-2.22399
2,6,20110415,110.02,110.3,105.35,107.21,30697889,-2.55408,6.690147759,28772937,5,0.410409,53.7,10653.1,105.58,109.42,3.63705
2,8,20110415,17.71,17.76,16.97,17.03,324203125,-3.83964,-39.96038416,539982011,81,0.352319,53.7,10653.1,16.88,16.94,0.35545
2,7,20110415,109.74,109.9,103.13,106.24,42617245,-3.18936,33.35263661,31958307,33,0.687124,53.7,10653.1,104.95,108.13,3.03001
2,10,20110415,55.45,55.81,53.17,54.89,24059673,-1.00992,22.21855291,19685778,26,0.746948,53.7,10653.1,54.28,55.91,3.00295
2,29,20110415,41.76,42.02,40.84,41.52,40820710,-0.574713,4.52039518,39055258,238,0.963391,53.7,10653.1,40.97,42.27,3.17305
2,12,20110415,20.24,20.37,19.6,20.04,212315926,-0.988142,-11.02290686,238618636,62,0.698603,53.7,10653.1,19.77,19.95,0.91047
2,14,20110415,37.45,38.4,37.17,38.17,42983064,1.92256,-8.588357994,47021433,60,0.654965,53.7,10653.1,37.7,37.8,0.265252
2,13,20110415,40.71,41.55,40.12,40.26,70321527,-1.10538,-19.79106642,87672936,59,0.322901,53.7,10653.1,39.96,40.99,2.57758
2,16,20110415,163.44,166.34,162.3,166.21,22183383,1.69481,25.93170138,17615408,21,0.451236,53.7,10653.1,164.64,168.28,2.21088
2,15,20110415,20.07,20.2,19.41,19.75,231298341,-1.59442,-19.2235977,286343950,19,0.911392,53.7,10653.1,19.53,21.46,9.88223
2,17,20110415,59.54,60.95,59.49,60.56,58631682,1.71313,24.37405509,47141409,41,0.941215,53.7,10653.1,60.45,64.07,5.98842
2,18,20110415,47,47.37,44.83,44.89,186017520,-4.48936,52.55140084,121937602,77,0.556917,53.7,10653.1,44.27,44.68,0.926135
2,9,20110415,67.25,68.47,66.41,68.01,40595470,1.13011,26.76392085,32024467,59,0.691075,53.7,10653.1,67.57,67.88,0.458783
2,19,20110415,31.73,33.54,31.69,33.36,71530535,5.13709,108.4579285,34314135,74,0.869305,53.7,10653.1,32.72,33.38,2.01711
2,20,20110415,76.15,77.54,75.83,77.38,21670715,1.61523,-2.986359177,22337802,42,0.788317,53.7,10653.1,76.89,76.91,0.0260112
2,0,20110415,93.59,94.64,91.75,92.82,15375510,-0.822737,21.33241058,12672220,33,0.592545,53.7,10653.1,91.94,93.92,2.15358
2,21,20110415,33.68,34.97,33.27,34.51,85533686,2.46437,31.99821751,64799122,59,1.10113,53.7,10653.1,34.2,34.04,-0.467836
2,22,20110415,26.19,26.25,25.09,25.37,229693684,-3.13097,-11.91033682,260749872,32,0.630666,53.7,10653.1,25.1,25.52,1.67331
2,23,20110415,20.55,20.75,20.33,20.53,209481824,-0.0973236,5.183751899,199157969,26,0.974184,53.7,10653.1,20.32,19.79,-2.60827
2,24,20110415,62.02,64.21,61.9,64.18,51918017,3.48275,33.836669,38792072,12,0.825802,53.7,10653.1,63.67,63.27,-0.628239
2,3,20110415,30.75,30.84,30.01,30.65,108080405,-0.325203,-27.07436357,148206324,82,1.40294,53.7,10653.1,30.42,30.68,0.854701
2,25,20110415,59.85,60.85,59,59.8,15459751,-0.0835422,25.61586894,12307164,54,0.685619,53.7,10653.1,59.32,61.32,3.37154
2,26,20110415,85,85.56,82.7,83.45,17017620,-1.82353,45.56430394,11690792,33,0.575195,53.7,10653.1,82.6,87.1,5.44794
2,27,20110415,37.75,38,37.34,37.85,55355691,0.264901,-11.33101624,62429599,82,1.29458,53.7,10653.1,37.6,36.91,-1.83511
2,28,20110415,52.54,53.96,52.4,53.55,45662991,1.92234,-5.620388315,48382262,26,0.690943,53.7,10653.1,53.08,53.58,0.941974
2,11,20110415,85.95,86.15,82.38,84.29,81056144,-1.93136,7.264525235,75566590,26,0.557599,53.7,10653.1,83.11,86.36,3.91048
2,2,20110421,16.36,16.97,15.88,16.97,85235391,3.72861,-59.99485828,213061090,21,0.176783,53.7,10653.1,16.94,17,0.354191
2,1,20110421,45.85,47.48,45.27,47.11,22929313,2.74809,-21.18057031,29090940,69,0.382084,53.7,10653.1,47.19,49.08,4.00509
2,5,20110421,72.72,75.44,71.75,75.44,16947409,3.74037,-13.05582941,19492289,20,0.556734,53.7,10653.1,75.51,79.78,5.65488
2,4,20110421,12.59,12.6,12.15,12.31,624897506,-2.22399,-6.814410779,670594575,41,0.0812348,53.7,10653.1,12.32,12.28,-0.324675
2,6,20110421,105.58,109.42,102.16,109.42,23938892,3.63705,-22.01779087,30697889,88,0.420398,53.7,10653.1,109.24,115.41,5.64811
2,8,20110421,16.88,16.96,16.52,16.94,249420898,0.35545,-23.06647322,324203125,75,0.354191,53.7,10653.1,16.93,17.52,3.48494
2,7,20110421,104.95,108.34,103.04,108.13,18873837,3.03001,-55.71314617,42617245,27,0.675113,53.7,10653.1,107.37,109.44,1.92791
2,10,20110421,54.28,56,53.19,55.91,15537427,3.00295,-35.42128773,24059673,20,0.733321,53.7,10653.1,55.69,56.79,1.97522
2,29,20110421,40.97,42.46,40.45,42.27,24312043,3.17305,-40.44189089,40820710,232,0.946298,53.7,10653.1,42.34,43.1,1.79499
2,12,20110421,19.77,20.54,19.51,19.95,182835072,0.91047,-13.88537099,212315926,56,0.701754,53.7,10653.1,20.14,20.45,1.53923
2,14,20110421,37.7,38.5,37.2,37.8,24190528,0.265252,-43.72079198,42983064,54,0.661376,53.7,10653.1,37.61,37.15,-1.22308
2,13,20110421,39.96,41.19,39.16,40.99,46244533,2.57758,-34.23844024,70321527,53,0.317151,53.7,10653.1,41.06,40.37,-1.68047
2,16,20110421,164.64,168.28,162.19,168.28,23662621,2.21088,6.668225491,22183383,15,0.445686,53.7,10653.1,167.65,170.58,1.74769
2,15,20110421,19.53,21.46,19.45,21.46,302470339,9.88223,30.77064785,231298341,13,0.83877,53.7,10653.1,21.37,23.15,8.32943
2,17,20110421,60.45,64.54,60.1,64.07,72888066,5.98842,24.31515439,58631682,35,0.889652,53.7,10653.1,63.65,65.72,3.25216
2,18,20110421,44.27,44.97,43.53,44.68,113261188,0.926135,-39.11262337,186017520,71,0.559534,53.7,10653.1,44.65,45.63,2.19485
2,9,20110421,67.57,68.05,66.64,67.88,19831270,0.458783,-51.14905678,40595470,53,0.692398,53.7,10653.1,67.95,67.46,-0.721118
2,19,20110421,32.72,33.67,32.7,33.38,33399240,2.01711,-53.30771677,71530535,68,0.868784,53.7,10653.1,33.45,33.59,0.418535
2,20,20110421,76.89,78.41,76.4,76.91,17718174,0.0260112,-18.23908902,21670715,36,0.793135,53.7,10653.1,77.15,78.31,1.50356
2,0,20110421,91.94,94.42,90.58,93.92,9718851,2.15358,-36.7900577,15375510,27,0.585605,53.7,10653.1,93.91,97.21,3.514
2,21,20110421,34.2,34.29,33.51,34.04,47226349,-0.467836,-44.78625766,85533686,53,1.11633,53.7,10653.1,33.7,35.95,6.67656
2,22,20110421,25.1,26,24.72,25.52,158547201,1.67331,-30.97450559,229693684,26,0.626959,53.7,10653.1,25.56,25.92,1.40845
2,23,20110421,20.32,20.88,19.79,19.79,143338656,-2.60827,-31.57465728,209481824,20,1.01061,53.7,10653.1,19.95,20.97,5.11278
2,24,20110421,63.67,64.34,63.27,63.27,29487333,-0.628239,-43.2040461,51918017,6,0.83768,53.7,10653.1,63.08,64.9,2.88523
2,3,20110421,30.42,30.68,29.91,30.68,76563904,0.854701,-29.16023584,108080405,76,1.40156,53.7,10653.1,30.67,31.12,1.46723
2,25,20110421,59.32,61.32,58.07,61.32,10135730,3.37154,-34.43794793,15459751,48,0.668624,53.7,10653.1,61.32,63.28,3.19635
2,26,20110421,82.6,87.1,81.1,87.1,16859647,5.44794,-0.928290795,17017620,27,0.551091,53.7,10653.1,87,89.58,2.96552
2,27,20110421,37.6,38,36.91,36.91,37735134,-1.83511,-31.83151846,55355691,76,1.32755,53.7,10653.1,37.07,37.78,1.9153
2,28,20110421,53.08,53.95,52.91,53.58,23073491,0.941974,-49.47004019,45662991,20,0.690556,53.7,10653.1,53.6,54.98,2.57463
2,11,20110421,83.11,86.36,82.44,86.36,43378708,3.91048,-46.48313396,81056144,20,0.544233,53.7,10653.1,86.29,87.98,1.95851
2,2,20110429,16.94,17.24,16.66,17,90831895,0.354191,6.565939259,85235391,13,0.176471,53.7,10653.1,17.27,17.15,-0.694847
2,1,20110429,47.19,49.15,46.77,49.08,32470319,4.00509,41.61051838,22929313,61,0.366748,53.7,10653.1,49.37,50.2,1.68118
2,5,20110429,75.51,80.34,74.68,79.78,30503034,5.65488,79.98641562,16947409,12,0.526448,53.7,10653.1,80.35,79.31,-1.29434
2,4,20110429,12.32,12.6,12.23,12.28,557530217,-0.324675,-10.78053414,624897506,33,0.0814332,53.7,10653.1,12.36,12.31,-0.404531
2,6,20110429,109.24,116.25,107.95,115.41,34522949,5.64811,44.21281068,23938892,80,0.398579,53.7,10653.1,116.24,110.34,-5.07571
2,8,20110429,16.93,17.64,16.9,17.52,412492845,3.48494,65.38022608,249420898,67,0.342466,53.7,10653.1,17.51,17.56,0.285551
2,7,20110429,107.37,109.6,106.68,109.44,28004621,1.92791,48.37799542,18873837,19,0.667032,53.7,10653.1,109.48,102.88,-6.0285
2,10,20110429,55.69,56.88,54.54,56.79,27349183,1.97522,76.02131292,15537427,12,0.721958,53.7,10653.1,56.42,54.63,-3.17263
2,29,20110429,42.34,43.35,41.71,43.1,30122091,1.79499,23.89781887,24312043,224,0.928074,53.7,10653.1,43.47,43.06,-0.943179
2,12,20110429,20.14,20.85,19.89,20.45,280299000,1.53923,53.30701978,182835072,48,0.684597,53.7,10653.1,20.7,20.01,-3.33333
2,14,20110429,37.61,37.71,36.94,37.15,61019095,-1.22308,152.2437501,24190528,46,0.672948,53.7,10653.1,37.44,36.99,-1.20192
2,13,20110429,41.06,41.3,39.99,40.37,82362537,-1.68047,78.10221373,46244533,45,0.322021,53.7,10653.1,40.69,40.81,0.294913
2,16,20110429,167.65,173,167.23,170.58,26829625,1.74769,13.38399495,23662621,7,0.439676,53.7,10653.1,172.11,168.89,-1.8709
2,15,20110429,21.37,23.19,21.33,23.15,466579710,8.32943,54.25635173,302470339,5,0.777538,53.7,10653.1,23.02,23.25,0.999131
2,17,20110429,63.65,65.98,63.4,65.72,70745990,3.25216,-2.938856959,72888066,27,0.867316,53.7,10653.1,65.92,65.27,-0.986044
2,18,20110429,44.65,46.02,44.38,45.63,107332185,2.19485,-5.234805589,113261188,63,0.547885,53.7,10653.1,45.94,45.04,-1.95908
2,9,20110429,67.95,67.98,65.81,67.46,44603365,-0.721118,124.9143146,19831270,45,0.696709,53.7,10653.1,67.76,66.9,-1.26919
2,19,20110429,33.45,33.9,33,33.59,42547809,0.418535,27.39154843,33399240,60,0.863352,53.7,10653.1,33.6,34.08,1.42857
2,20,20110429,77.15,78.59,76.54,78.31,22923015,1.50356,29.37571897,17718174,28,0.778955,53.7,10653.1,78.4,78.7,0.382653
2,0,20110429,93.91,97.5,93.27,97.21,20655611,3.514,112.5314093,9718851,19,0.565785,53.7,10653.1,97.58,95.6,-2.0291
2,21,20110429,33.7,36.25,33.63,35.95,83960030,6.67656,77.7821741,47226349,45,1.05702,53.7,10653.1,36.44,36.39,-0.137212
2,22,20110429,25.56,26.87,25.34,25.92,554889924,1.40845,249.9840555,158547201,18,0.617284,53.7,10653.1,25.94,25.87,-0.269854
2,23,20110429,19.95,21.06,19.9,20.97,205782608,5.11278,43.56393017,143338656,12,0.953743,53.7,10653.1,21.14,20.55,-2.79092
2,24,20110429,63.08,65.1,62.6,64.9,53544624,2.88523,81.58517083,29487333,82,0.816641,53.7,10653.1,65.24,65.27,0.0459841
2,3,20110429,30.67,31.82,30.43,31.12,112339712,1.46723,46.72672909,76563904,68,1.38175,53.7,10653.1,31.6,31.26,-1.07595
2,25,20110429,61.32,63.37,60.91,63.28,16046782,3.19635,58.3189568,10135730,40,0.647914,53.7,10653.1,63.56,63.43,-0.204531
2,26,20110429,87,89.8,86.29,89.58,20800024,2.96552,23.37164592,16859647,19,0.535834,53.7,10653.1,90.03,89.21,-0.910807
2,27,20110429,37.07,38.42,36.82,37.78,68330713,1.9153,81.07982073,37735134,68,1.29698,53.7,10653.1,38.33,37.28,-2.73937
2,28,20110429,53.6,55.16,53.23,54.98,47159044,2.57463,104.3862543,23073491,12,0.672972,53.7,10653.1,55.08,55.02,-0.108932
2,11,20110429,86.29,88,85.89,87.98,81596868,1.95851,88.10349999,43378708,12,0.534212,53.7,10653.1,88.1,82.69,-6.14075
2,2,20110506,17.27,17.96,16.83,17.15,225053559,-0.694847,147.7693094,90831895,6,0.174927,56.6,10676.4,17.16,17.1,-0.34965
2,1,20110506,49.37,50.47,49.08,50.2,43997724,1.68118,35.50136049,32470319,54,0.358566,56.6,10676.4,50.06,49.49,-1.13863
2,5,20110506,80.35,80.65,78.09,79.31,25394946,-1.29434,-16.74616368,30503034,5,0.529568,56.6,10676.4,79.31,79.03,-0.353045
2,4,20110506,12.36,12.71,12.2,12.31,577232010,-0.404531,3.533762368,557530217,26,0.0812348,56.6,10676.4,12.28,11.93,-2.85016
2,6,20110506,116.24,116.55,108.39,110.34,39678464,-5.07571,14.93358809,34522949,73,0.416893,56.6,10676.4,110.8,106.33,-4.0343
2,8,20110506,17.51,17.7,17.28,17.56,290282402,0.285551,-29.62728796,412492845,60,0.341686,56.6,10676.4,17.53,16.88,-3.70793
2,7,20110506,109.48,109.57,101.11,102.88,44930373,-6.0285,60.43913967,28004621,12,0.709565,56.6,10676.4,103.25,102.39,-0.83293
2,10,20110506,56.42,57,53.59,54.63,27498887,-3.17263,0.547380154,27349183,5,0.750503,56.6,10676.4,54.94,52.91,-3.69494
2,29,20110506,43.47,43.79,42.3,43.06,35369886,-0.943179,17.42174871,30122091,217,0.928936,56.6,10676.4,43.32,41.52,-4.15512
2,12,20110506,20.7,20.71,19.81,20.01,235180053,-3.33333,-16.09672064,280299000,41,0.69965,56.6,10676.4,19.97,19.89,-0.400601
2,14,20110506,37.44,37.67,36.77,36.99,52439439,-1.20192,-14.0606084,61019095,39,0.675858,56.6,10676.4,36.93,37.01,0.216626
2,13,20110506,40.69,41.52,39.8,40.81,70249698,0.294913,-14.70673372,82362537,38,0.318549,56.6,10676.4,40.79,40.41,-0.931601
2,16,20110506,172.11,173.54,167.5,168.89,29480567,-1.8709,9.88065245,26829625,0,0.444076,56.6,10676.4,168.39,169.92,0.908605
2,15,20110506,23.02,23.86,22.67,23.25,513891027,0.999131,10.14002881,466579710,89,0.903226,56.6,10676.4,23.13,23.41,1.21055
2,17,20110506,65.92,66.46,64.8,65.27,68840083,-0.986044,-2.694014177,70745990,20,0.873295,56.6,10676.4,65.11,66.62,2.31915
2,18,20110506,45.94,46.07,44.76,45.04,131213937,-1.95908,22.25031755,107332185,56,0.555062,56.6,10676.4,44.75,43.15,-3.57542
2,9,20110506,67.76,67.93,66.4,66.9,33947562,-1.26919,-23.8901325,44603365,38,0.702541,56.6,10676.4,66.86,68.18,1.97427
2,19,20110506,33.6,34.49,33.22,34.08,58969733,1.42857,38.5964034,42547809,53,0.850939,56.6,10676.4,33.81,34.89,3.19432
2,20,20110506,78.4,79.37,78.2,78.7,26460318,0.382653,15.43122927,22923015,21,0.775095,56.6,10676.4,79.46,80.74,1.61087
2,0,20110506,97.58,97.95,94.4,95.6,17031494,-2.0291,-17.54543596,20655611,12,0.575314,56.6,10676.4,95.3,96.01,0.745016
2,21,20110506,36.44,36.75,35.95,36.39,82810421,-0.137212,-1.36923367,83960030,38,1.04424,56.6,10676.4,36.11,37.08,2.68624
2,22,20110506,25.94,26.25,25.48,25.87,346656165,-0.269854,-37.52703915,554889924,11,0.618477,56.6,10676.4,25.8,25.03,-2.9845
2,23,20110506,21.14,21.2,20.07,20.55,273973053,-2.79092,33.13712741,205782608,5,0.973236,56.6,10676.4,20.53,20.92,1.89966
2,24,20110506,65.24,66.5,64.9,65.27,55046479,0.0459841,2.804866087,53544624,75,0.812012,56.6,10676.4,64.93,66.86,2.97243
2,3,20110506,31.6,31.94,31.03,31.26,156030184,-1.07595,38.89138687,112339712,61,1.37556,56.6,10676.4,31.2,31.41,0.673077
2,25,20110506,63.56,64.17,62.85,63.43,14335889,-0.204531,-10.66190717,16046782,33,0.646382,56.6,10676.4,63.23,62.33,-1.42338
2,26,20110506,90.03,90.67,85.8,89.21,21797524,-0.910807,4.795667543,20800024,12,0.538056,56.6,10676.4,88.88,88.98,0.112511
2,27,20110506,38.33,38.33,36.9,37.28,84281362,-2.73937,23.3433083,68330713,61,1.31438,56.6,10676.4,37.28,37.26,-0.0536481
2,28,20110506,55.08,55.79,53.2,55.02,46668727,-0.108932,-1.039709372,47159044,5,0.672483,56.6,10676.4,54.97,55.72,1.36438
2,11,20110506,88.1,88.13,81.59,82.69,113805856,-6.14075,39.4733141,81596868,5,0.568388,56.6,10676.4,83.01,80.87,-2.578
2,2,20110513,17.16,17.62,16.75,17.1,111630753,-0.34965,-50.39813923,225053559,82,0.175439,56.6,10676.4,17,16.26,-4.35294
2,1,20110513,50.06,50.46,49.22,49.49,35427164,-1.13863,-19.47955308,43997724,47,0.36371,56.6,10676.4,49.42,51.19,3.58155
2,5,20110513,79.31,80.42,78.48,79.03,18368201,-0.353045,-27.66985604,25394946,89,0.531444,56.6,10676.4,78.66,77.52,-1.44928
2,4,20110513,12.28,12.43,11.91,11.93,623724296,-2.85016,8.054349931,577232010,19,0.0838223,56.6,10676.4,11.89,11.58,-2.60723
2,6,20110513,110.8,112.97,106.02,106.33,38211403,-4.0343,-3.697373467,39678464,66,0.432615,56.6,10676.4,105.87,104.33,-1.45461
2,8,20110513,17.53,17.99,16.64,16.88,563552552,-3.70793,94.13941325,290282402,53,0.35545,56.6,10676.4,16.82,16.53,-1.72414
2,7,20110513,103.25,104.95,100.41,102.39,43103424,-0.83293,-4.066178129,44930373,5,0.71296,56.6,10676.4,102.03,102.57,0.529256
2,10,20110513,54.94,56.13,52.55,52.91,27207924,-3.69494,-1.058090097,27498887,90,0.774901,56.6,10676.4,52.74,52.74,0
2,29,20110513,43.32,44.12,40.94,41.52,78855110,-4.15512,122.9442017,35369886,210,0.963391,56.6,10676.4,41.26,41.5,0.581677
2,12,20110513,19.97,20.42,19.76,19.89,195448891,-0.400601,-16.8939336,235180053,34,0.703871,56.6,10676.4,19.85,19.62,-1.15869
2,14,20110513,36.93,37.43,36.7,37.01,41391929,0.216626,-21.06717808,52439439,32,0.675493,56.6,10676.4,36.69,37.05,0.981194
2,13,20110513,40.79,41.74,40.22,40.41,63498759,-0.931601,-9.609918892,70249698,31,0.321703,56.6,10676.4,40.2,35.98,-10.4975
2,16,20110513,168.39,172.77,167.82,169.92,23505533,0.908605,-20.26770381,29480567,87,0.441384,56.6,10676.4,169.81,170.16,0.206113
2,15,20110513,23.13,23.83,22.65,23.41,344755154,1.21055,-32.9127897,513891027,82,0.897053,56.6,10676.4,23.32,23.22,-0.428816
2,17,20110513,65.11,67.37,65.07,66.62,66040498,2.31915,-4.066794922,68840083,13,0.855599,56.6,10676.4,66.41,65.69,-1.08417
2,18,20110513,44.75,45.5,42.98,43.15,137013704,-3.57542,4.420084583,131213937,49,0.579374,56.6,10676.4,42.97,43.13,0.372353
2,9,20110513,66.86,68.77,66.83,68.18,32166394,1.97427,-5.246821554,33947562,31,0.689352,56.6,10676.4,68.1,68.3,0.293686
2,19,20110513,33.81,35.1,33.8,34.89,47572999,3.19432,-19.32641275,58969733,46,0.831184,56.6,10676.4,34.84,35.23,1.1194
2,20,20110513,79.46,80.91,79.08,80.74,26573357,1.61087,0.427201971,26460318,14,0.755512,56.6,10676.4,80.44,82.33,2.34958
2,0,20110513,95.3,97.18,94.44,96.01,15657591,0.745016,-8.066837824,17031494,5,0.572857,56.6,10676.4,95.54,93.56,-2.07243
2,21,20110513,36.11,37.3,36.1,37.08,59693542,2.68624,-27.91542263,82810421,31,1.02481,56.6,10676.4,37.06,37.06,0
2,22,20110513,25.8,25.96,24.95,25.03,382293426,-2.9845,10.28029056,346656165,4,0.639233,56.6,10676.4,24.96,24.49,-1.88301
2,23,20110513,20.53,20.99,20.45,20.92,180162306,1.89966,-34.24086638,273973053,82,0.956023,56.6,10676.4,20.84,20.69,-0.71977
2,24,20110513,64.93,67.31,64.86,66.86,49677302,2.97243,-9.753897247,55046479,68,0.792701,56.6,10676.4,66.66,67.36,1.0501
2,3,20110513,31.2,31.79,31.05,31.41,92523592,0.673077,-40.70147863,156030184,54,1.36899,56.6,10676.4,31.32,31.32,0
2,25,20110513,63.23,64.09,62.18,62.33,14388418,-1.42338,0.366416063,14335889,26,0.657789,56.6,10676.4,62.52,62.25,-0.431862
2,26,20110513,88.88,90.18,88.35,88.98,17420630,0.112511,-20.07977603,21797524,5,0.539447,56.6,10676.4,88.46,87.5,-1.08524
2,27,20110513,37.28,37.68,36.95,37.26,50917728,-0.0536481,-39.58601666,84281362,54,1.31508,56.6,10676.4,37.26,37.15,-0.295223
2,28,20110513,54.97,56.03,54.7,55.72,42649301,1.36438,-8.612675465,46668727,89,0.664034,56.6,10676.4,55.61,55.29,-0.575436
2,11,20110513,83.01,83.76,79.42,80.87,99678100,-2.578,-12.41390953,113805856,89,0.58118,56.6,10676.4,80.22,81.57,1.68287
2,2,20110520,17,17.29,16.26,16.26,118281015,-4.35294,5.957374488,111630753,75,0.184502,56.6,10676.4,15.96,16.48,3.25815
2,1,20110520,49.42,51.97,49.17,51.19,36565612,3.58155,3.213488949,35427164,40,0.351631,56.6,10676.4,50.74,51.13,0.768624
2,5,20110520,78.66,78.81,75.83,77.52,19990094,-1.44928,8.829895753,18368201,82,0.541796,56.6,10676.4,76.55,76.99,0.574788
2,4,20110520,11.89,12.11,11.53,11.58,658968285,-2.60723,5.650571771,623724296,12,0.0863558,56.6,10676.4,11.47,11.69,1.91805
2,6,20110520,105.87,108.27,101.47,104.33,54274252,-1.45461,42.03679462,38211403,59,0.440909,56.6,10676.4,101.3,104.6,3.25765
2,8,20110520,16.82,16.87,16.34,16.53,371711669,-1.72414,-34.04134758,563552552,46,0.362976,56.6,10676.4,16.41,16.46,0.304692
2,7,20110520,102.03,104.53,99.61,102.57,39951901,0.529256,-7.311537478,43103424,89,0.711709,56.6,10676.4,101.13,103.21,2.05676
2,10,20110520,52.74,54,51.92,52.74,27511651,0,1.116318173,27207924,83,0.777399,56.6,10676.4,51.75,52.56,1.56522
2,29,20110520,41.26,41.84,40.68,41.5,50988843,0.581677,-35.33856842,78855110,203,0.963855,56.6,10676.4,41.15,41.52,0.899149
2,12,20110520,19.85,20.05,19.41,19.62,228297982,-1.15869,16.8069979,195448891,27,0.713558,56.6,10676.4,19.32,19.44,0.621118
2,14,20110520,36.69,37.94,36.55,37.05,53378802,0.981194,28.95944521,41391929,25,0.674764,56.6,10676.4,36,36,0
2,13,20110520,40.2,40.34,35.91,35.98,217523955,-10.4975,242.5641043,63498759,24,0.361312,56.6,10676.4,35.58,36.96,3.87858
2,16,20110520,169.81,171.41,166.53,170.16,26027660,0.206113,10.72992899,23505533,80,0.440762,56.6,10676.4,168.5,167.5,-0.593472
2,15,20110520,23.32,23.96,23.08,23.22,387571150,-0.428816,12.41924755,344755154,75,0.904393,56.6,10676.4,22.92,22.21,-3.09773
2,17,20110520,66.41,66.79,65.28,65.69,53385097,-1.08417,-19.16309141,66040498,6,0.867712,56.6,10676.4,65.19,66.77,2.42368
2,18,20110520,42.97,44.35,42.65,43.13,145114846,0.372353,5.912650898,137013704,42,0.579643,56.6,10676.4,42.4,42.79,0.919811
2,9,20110520,68.1,68.7,67.5,68.3,32520067,0.293686,1.099510875,32166394,24,0.688141,56.6,10676.4,67.59,66.51,-1.59787
2,19,20110520,34.84,35.44,34.48,35.23,48017488,1.1194,0.934330417,47572999,39,0.823162,56.6,10676.4,34.97,34.75,-0.629111
2,20,20110520,80.44,82.85,80.44,82.33,27816875,2.34958,4.679566831,26573357,7,0.740921,56.6,10676.4,81.53,81.62,0.110389
2,0,20110520,95.54,96.23,92.75,93.56,16596686,-2.07243,5.997697858,15657591,89,0.587858,56.6,10676.4,92.29,93.47,1.27858
2,21,20110520,37.06,37.65,36.69,37.06,74833386,0,25.36261628,59693542,24,1.02536,56.6,10676.4,36.67,36.21,-1.25443
2,22,20110520,24.96,25.07,24.25,24.49,311462943,-1.88301,-18.5277795,382293426,88,0.653328,56.6,10676.4,24.21,24.76,2.27179
2,23,20110520,20.84,21.28,20.68,20.69,249113161,-0.71977,38.27152112,180162306,75,0.966651,56.6,10676.4,20.49,20.93,2.14739
2,24,20110520,66.66,67.72,66.51,67.36,47738539,1.0501,-3.90271396,49677302,61,0.786817,56.6,10676.4,66.8,66.2,-0.898204
2,3,20110520,31.32,31.77,30.9,31.32,102539987,0,10.82577404,92523592,47,1.37292,56.6,10676.4,31,31.29,0.935484
2,25,20110520,62.52,63.11,62.13,62.25,11795580,-0.431862,-18.02031328,14388418,19,0.658635,56.6,10676.4,61.74,61.52,-0.356333
2,26,20110520,88.46,89.25,86.65,87.5,22021867,-1.08524,26.41257521,17420630,89,0.548571,56.6,10676.4,86.41,86.33,-0.0925819
2,27,20110520,37.26,37.41,36.8,37.15,53263954,-0.295223,4.607876455,50917728,47,1.31898,56.6,10676.4,36.75,36.67,-0.217687
2,28,20110520,55.61,56.47,54.95,55.29,56695842,-0.575436,32.93498527,42649301,82,0.669199,56.6,10676.4,54.9,54.7,-0.364299
2,11,20110520,80.22,82.58,79.6,81.57,86758820,1.68287,-12.96100146,99678100,82,0.576192,56.6,10676.4,80.22,82.63,3.00424
2,2,20110527,15.96,16.48,15.83,16.48,77236662,3.25815,-34.70071085,118281015,68,0.182039,56.6,10676.4,16.73,15.92,-4.8416
2,1,20110527,50.74,51.38,49.79,51.13,26359875,0.768624,-27.91075123,36565612,33,0.352044,56.6,10676.4,51.39,49.28,-4.10586
2,5,20110527,76.55,76.99,75.13,76.99,15886795,0.574788,-20.52666186,19990094,75,0.545525,56.6,10676.4,77.8,74.84,-3.80463
2,4,20110527,11.47,11.69,11.29,11.69,479389107,1.91805,-27.25156614,658968285,5,0.0855432,56.6,10676.4,11.87,11.28,-4.97051
2,6,20110527,101.3,104.6,100.3,104.6,30213720,3.25765,-44.33139309,54274252,52,0.439771,56.6,10676.4,106.41,101.1,-4.99013
2,8,20110527,16.41,16.46,16.11,16.46,235050333,0.304692,-36.76541454,371711669,39,0.36452,56.6,10676.4,16.59,16.01,-3.49608
2,7,20110527,101.13,103.86,100.7,103.21,28858240,2.05676,-27.76754228,39951901,82,0.707296,56.6,10676.4,104.61,101,-3.45091
2,10,20110527,51.75,52.56,50.5,52.56,24845668,1.56522,-9.690378087,27511651,76,0.780061,56.6,10676.4,53.18,50.29,-5.43437
2,29,20110527,41.15,41.52,40.55,41.52,34651349,0.899149,-32.04131147,50988843,196,0.963391,56.6,10676.4,41.9,39.38,-6.01432
2,12,20110527,19.32,19.52,18.97,19.44,169411364,0.621118,-25.79375318,228297982,20,0.720165,56.6,10676.4,19.68,18.82,-4.36992
2,14,20110527,36,37,36,36,40673778,0,-23.80162822,53378802,18,0.694444,56.6,10676.4,36.18,34.63,-4.28413
2,13,20110527,35.58,36.96,35.44,36.96,106507716,3.87858,-51.03632793,217523955,17,0.351732,56.6,10676.4,37.28,36.11,-3.13841
2,16,20110527,168.5,168.6,165.9,167.5,19453763,-0.593472,-25.2573493,26027660,73,0.447761,56.6,10676.4,168.44,165.05,-2.01259
2,15,20110527,22.92,23.03,22.21,22.21,210446967,-3.09773,-45.70107527,387571150,68,0.94552,56.6,10676.4,22.45,21.73,-3.20713
2,17,20110527,65.19,66.77,65.08,66.77,49866786,2.42368,-6.590436653,53385097,91,0.853677,56.6,10676.4,67.31,66.09,-1.81251
2,18,20110527,42.4,42.92,41.69,42.79,119828886,0.919811,-17.42479195,145114846,35,0.584249,56.6,10676.4,43.24,41.57,-3.86216
2,9,20110527,67.59,67.9,66.3,66.51,26066805,-1.59787,-19.84393821,32520067,17,0.706661,56.6,10676.4,66.94,65.53,-2.10636
2,19,20110527,34.97,35.06,34.28,34.75,31660711,-0.629111,-34.06420802,48017488,32,0.834532,56.6,10676.4,34.79,34.1,-1.98333
2,20,20110527,81.53,83.08,81.49,81.62,26628471,0.110389,-4.27224122,27816875,0,0.747366,56.6,10676.4,82.13,80.54,-1.93596
2,0,20110527,92.29,93.47,91.38,93.47,11695384,1.27858,-29.53181135,16596686,82,0.588424,56.6,10676.4,94.05,90.7,-3.56194
2,21,20110527,36.67,37.04,36.1,36.21,52416661,-1.25443,-29.95551344,74833386,17,1.04943,56.6,10676.4,36.39,35.82,-1.56636
2,22,20110527,24.21,25.03,24.03,24.76,213316051,2.27179,-31.51157921,311462943,81,0.646204,56.6,10676.4,24.96,23.9,-4.24679
2,23,20110527,20.49,20.98,20.35,20.93,162550095,2.14739,-34.74849167,249113161,68,0.955566,56.6,10676.4,21,20.84,-0.761905
2,24,20110527,66.8,67.2,65.7,66.2,37114265,-0.898204,-22.25513018,47738539,54,0.800604,56.6,10676.4,66.33,65.43,-1.35685
2,3,20110527,31,31.3,30.92,31.29,73854767,0.935484,-27.97466709,102539987,40,1.37424,56.6,10676.4,31.48,30.65,-2.63659
2,25,20110527,61.74,62,60.36,61.52,12344531,-0.356333,4.653870348,11795580,12,0.66645,56.6,10676.4,61.95,61.18,-1.24294
2,26,20110527,86.41,86.72,85.21,86.33,15097865,-0.0925819,-31.44148496,22021867,82,0.556006,56.6,10676.4,87,83.24,-4.32184
2,27,20110527,36.75,37.03,36.24,36.67,43400125,-0.217687,-18.51876975,53263954,40,1.33624,56.6,10676.4,36.91,35.63,-3.46789
2,28,20110527,54.9,55.5,54.1,54.7,35560853,-0.364299,-37.27784658,56695842,75,0.676417,56.6,10676.4,54.88,53.66,-2.22303
2,11,20110527,80.22,82.63,80.07,82.63,68230855,3.00424,-21.35571346,86758820,75,0.568801,56.6,10676.4,83.28,81.18,-2.52161
2,2,20110603,16.73,16.83,15.77,15.92,77152591,-4.8416,-0.108848567,77236662,61,0.188442,52.9,10727.1,15.92,15.28,-4.0201
2,1,20110603,51.39,51.7,49.04,49.28,25215640,-4.10586,-4.34082104,26359875,26,0.36526,52.9,10727.1,49.13,47.74,-2.82923
2,5,20110603,77.8,78.35,74.09,74.84,17813730,-3.80463,12.12916136,15886795,68,0.561197,52.9,10727.1,74.76,72.69,-2.76886
2,4,20110603,11.87,11.92,11.08,11.28,596420503,-4.97051,24.41261061,479389107,89,0.0886525,52.9,10727.1,11.18,10.8,-3.39893
2,6,20110603,106.41,106.6,99.15,101.1,35887587,-4.99013,18.77910764,30213720,45,0.454995,52.9,10727.1,100.25,96.79,-3.45137
2,8,20110603,16.59,16.82,15.98,16.01,256069538,-3.49608,8.942427237,235050333,32,0.374766,52.9,10727.1,16.04,15.12,-5.73566
2,7,20110603,104.61,105.21,99.57,101,32206213,-3.45091,11.60144555,28858240,75,0.722772,52.9,10727.1,100.9,99.67,-1.21903
2,10,20110603,53.18,53.39,50.11,50.29,25203572,-5.43437,1.440508663,24845668,69,0.815271,52.9,10727.1,50.3,49.78,-1.0338
2,29,20110603,41.9,41.99,39.17,39.38,52169227,-6.01432,50.55467826,34651349,189,1.01574,52.9,10727.1,39.18,38.5,-1.73558
2,12,20110603,19.68,19.72,18.75,18.82,207576381,-4.36992,22.52801471,169411364,13,0.74389,52.9,10727.1,18.71,18.32,-2.08445
2,14,20110603,36.18,36.28,34.43,34.63,39307513,-4.28413,-3.359080634,40673778,11,0.721917,52.9,10727.1,34.53,33.47,-3.06979
2,13,20110603,37.28,37.52,36,36.11,79313559,-3.13841,-25.53256987,106507716,10,0.360011,52.9,10727.1,35.99,35.25,-2.05613
2,16,20110603,168.44,169.89,164.13,165.05,23349972,-2.01259,20.02804804,19453763,66,0.454408,52.9,10727.1,164.76,163.18,-0.958971
2,15,20110603,22.45,22.64,21.67,21.73,222978209,-3.20713,5.954584273,210446967,61,0.966406,52.9,10727.1,21.8,21.38,-1.92661
2,17,20110603,67.31,67.34,65.8,66.09,47426009,-1.81251,-4.89459457,49866786,84,0.86246,52.9,10727.1,65.87,66.09,0.333991
2,18,20110603,43.24,43.38,40.83,41.57,145187926,-3.86216,21.1627103,119828886,28,0.601395,52.9,10727.1,41.1,41.05,-0.121655
2,9,20110603,66.94,67.24,65.21,65.53,31192400,-2.10636,19.66330358,26066805,10,0.717229,52.9,10727.1,65.51,65.39,-0.183178
2,19,20110603,34.79,35,34.05,34.1,38915498,-1.98333,22.91416324,31660711,25,0.85044,52.9,10727.1,34.07,33.79,-0.821837
2,20,20110603,82.13,82.25,80.01,80.54,23382621,-1.93596,-12.18939683,26628471,88,0.757388,52.9,10727.1,80.6,80.36,-0.297767
2,0,20110603,94.05,94.68,90.19,90.7,12491882,-3.56194,6.810362105,11695384,75,0.606395,52.9,10727.1,90.38,90.73,0.387254
2,21,20110603,36.39,36.76,35.76,35.82,46564832,-1.56636,-11.16406289,52416661,10,1.06086,52.9,10727.1,35.7,35.45,-0.70028
2,22,20110603,24.96,25.1,23.84,23.9,246418070,-4.24679,15.51782852,213316051,74,0.669456,52.9,10727.1,23.9,23.7,-0.83682
2,23,20110603,21,21.45,20.66,20.84,169014117,-0.761905,3.976633788,162550095,61,0.959693,52.9,10727.1,20.82,20.11,-3.41018
2,24,20110603,66.33,67,56.57,65.43,37312488,-1.35685,0.534088443,37114265,47,0.810026,52.9,10727.1,65.36,64.7,-1.00979
2,3,20110603,31.48,31.65,30.52,30.65,85085937,-2.63659,15.20710234,73854767,33,1.40294,52.9,10727.1,30.55,30.34,-0.687398
2,25,20110603,61.95,62.25,60.59,61.18,13535632,-1.24294,9.648815334,12344531,5,0.670154,52.9,10727.1,61.35,59.21,-3.48818
2,26,20110603,87,87.79,82.43,83.24,21179642,-4.32184,40.28236443,15097865,75,0.576646,52.9,10727.1,82.93,82.7,-0.277342
2,27,20110603,36.91,36.99,35.6,35.63,50174214,-3.46789,15.60845504,43400125,33,1.37525,52.9,10727.1,35.57,35.19,-1.06832
2,28,20110603,54.88,55.22,53.04,53.66,48156051,-2.22303,35.41871732,35560853,68,0.689527,52.9,10727.1,53.86,52.72,-2.1166
2,11,20110603,83.28,83.75,80.18,81.18,78616295,-2.52161,15.2210316,68230855,68,0.57896,52.9,10727.1,80.93,79.78,-1.42098
2,2,20110610,15.92,16.03,15.17,15.28,94970970,-4.0201,23.09498459,77152591,54,0.196335,52.9,10727.1,15.29,14.72,-3.72793
2,1,20110610,49.13,49.38,47.33,47.74,33828918,-2.82923,34.15847466,25215640,19,0.377042,52.9,10727.1,47.96,48.5,1.12594
2,5,20110610,74.76,75.27,72.61,72.69,18574466,-2.76886,4.270503707,17813730,61,0.577796,52.9,10727.1,73.06,74.16,1.50561
2,4,20110610,11.18,11.2,10.41,10.8,873241317,-3.39893,46.41369849,596420503,82,0.0925926,52.9,10727.1,10.89,10.68,-1.92837
2,6,20110610,100.25,101.61,96.42,96.79,40431926,-3.45137,12.66270424,35887587,38,0.475256,52.9,10727.1,96.93,95.95,-1.01104
2,8,20110610,16.04,16.17,15.01,15.12,412198054,-5.73566,60.9711398,256069538,25,0.396825,52.9,10727.1,15.14,14.97,-1.12285
2,7,20110610,100.9,101.87,98.98,99.67,35612426,-1.21903,10.57626055,32206213,68,0.732417,52.9,10727.1,100.04,99.17,-0.869652
2,10,20110610,50.3,50.9,49.52,49.78,28186429,-1.0338,11.83505655,25203572,62,0.823624,52.9,10727.1,50.03,49.57,-0.919448
2,29,20110610,39.18,39.88,38.42,38.5,49099516,-1.73558,-5.884141239,52169227,182,1.03896,52.9,10727.1,38.63,38.04,-1.52731
2,12,20110610,18.71,18.8,18.14,18.32,260898990,-2.08445,25.68818704,207576381,6,0.764192,52.9,10727.1,18.31,18.49,0.983069
2,14,20110610,34.53,35.02,33.42,33.47,45606663,-3.06979,16.02530794,39307513,4,0.746938,52.9,10727.1,33.46,34.53,3.19785
2,13,20110610,35.99,36.24,35.14,35.25,74301015,-2.05613,-6.31990805,79313559,3,0.368794,52.9,10727.1,35.13,35,-0.370054
2,16,20110610,164.76,165.96,162.87,163.18,20646079,-0.958971,-11.57985543,23349972,59,0.459615,52.9,10727.1,164.44,164.44,0
2,15,20110610,21.8,22.44,21.26,21.38,249719951,-1.92661,11.99298448,222978209,54,0.982226,52.9,10727.1,21.43,21.19,-1.11993
2,17,20110610,65.87,67.28,65.18,66.09,52231924,0.333991,10.1335008,47426009,77,0.86246,52.9,10727.1,66.32,66.29,-0.0452352
2,18,20110610,41.1,41.5,40.1,41.05,194764785,-0.121655,34.14668173,145187926,21,0.609013,52.9,10727.1,41.29,40.8,-1.18673
2,9,20110610,65.51,68.05,65.07,65.39,30422351,-0.183178,-2.468707121,31192400,3,0.718764,52.9,10727.1,65.1,65.62,0.798771
2,19,20110610,34.07,34.39,24.3,33.79,43535139,-0.821837,11.87095434,38915498,18,0.858242,52.9,10727.1,33.92,34.48,1.65094
2,20,20110610,80.6,82.23,80,80.36,31264251,-0.297767,33.70721358,23382621,81,0.759084,52.9,10727.1,80.43,82.52,2.59853
2,0,20110610,90.38,92.43,90.24,90.73,14734714,0.387254,17.95431625,12491882,68,0.606194,52.9,10727.1,91.14,91.78,0.702216
2,21,20110610,35.7,36.38,35.36,35.45,57259558,-0.70028,22.96738878,46564832,3,1.07193,52.9,10727.1,35.03,35.39,1.02769
2,22,20110610,23.9,24.25,23.69,23.7,230307366,-0.83682,-6.537955597,246418070,67,0.675106,52.9,10727.1,23.79,24.26,1.97562
2,23,20110610,20.82,20.97,20.04,20.11,196181321,-3.41018,16.07392594,169014117,54,0.99453,52.9,10727.1,20.08,20.26,0.896414
2,24,20110610,65.36,65.64,64.65,64.7,48599369,-1.00979,30.24960705,37312488,40,0.819165,52.9,10727.1,64.65,64.69,0.0618716
2,3,20110610,30.55,30.61,30.11,30.34,95255686,-0.687398,11.9523265,85085937,26,1.41727,52.9,10727.1,30.28,30.77,1.61823
2,25,20110610,61.35,61.68,58.71,59.21,18091902,-3.48818,33.66130226,13535632,89,0.692451,52.9,10727.1,59.12,57.92,-2.02977
2,26,20110610,82.93,84.52,82.6,82.7,20109892,-0.277342,-5.050840803,21179642,68,0.580411,52.9,10727.1,82.92,84.57,1.98987
2,27,20110610,35.57,36.14,35.16,35.19,72100710,-1.06832,43.70072643,50174214,26,1.39244,52.9,10727.1,35.23,35.51,0.794777
2,28,20110610,53.86,54.3,52.69,52.72,58746396,-2.1166,21.99172229,48156051,61,0.701821,52.9,10727.1,52.91,52.82,-0.1701
2,11,20110610,80.93,81.87,79.72,79.78,92380844,-1.42098,17.50851907,78616295,61,0.58912,52.9,10727.1,80,79.02,-1.225
2,2,20110617,15.29,15.5,14.59,14.72,111273573,-3.72793,17.16588027,94970970,47,0.203804,52.9,10727.1,14.67,15.23,3.81731
2,1,20110617,47.96,49.14,46.92,48.5,37705374,1.12594,11.45900085,33828918,12,0.371134,52.9,10727.1,48.35,48.34,-0.0206825
2,5,20110617,73.06,75.51,72.69,74.16,25381159,1.50561,36.64543035,18574466,54,0.566343,52.9,10727.1,73.96,71.26,-3.65062
2,4,20110617,10.89,11.12,10.4,10.68,889460755,-1.92837,1.857383255,873241317,75,0.093633,52.9,10727.1,10.59,10.52,-0.661001
2,6,20110617,96.93,98.45,94.2,95.95,43606429,-1.01104,7.851476084,40431926,31,0.479416,52.9,10727.1,96.49,100.01,3.64805
2,8,20110617,15.14,15.28,14.78,14.97,401380782,-1.12285,-2.624289924,412198054,18,0.400802,52.9,10727.1,14.94,14.93,-0.0669344
2,7,20110617,100.04,101.29,97.71,99.17,44845243,-0.869652,25.92582993,35612426,61,0.73611,52.9,10727.1,98.88,97.9,-0.9911
2,10,20110617,50.03,50.63,48.64,49.57,36027620,-0.919448,27.81902951,28186429,55,0.827113,52.9,10727.1,49.5,51.96,4.9697
2,29,20110617,38.63,38.86,37.77,38.04,54513950,-1.52731,11.02746919,49099516,175,1.05152,52.9,10727.1,37.85,37.58,-0.713342
2,12,20110617,18.31,18.9,18.2,18.49,261979707,0.983069,0.414228127,260898990,90,0.811249,52.9,10727.1,18.34,17.97,-2.01745
2,14,20110617,33.46,34.93,33.41,34.53,76297124,3.19785,67.29380968,45606663,74,0.724008,52.9,10727.1,34.29,35.08,2.30388
2,13,20110617,35.13,35.32,33.95,35,134346312,-0.370054,80.81356224,74301015,87,0.342857,52.9,10727.1,34.79,34.9,0.316183
2,16,20110617,164.44,165.1,161.52,164.44,29390025,0,42.35160584,20646079,52,0.456093,52.9,10727.1,163.7,165.07,0.836897
2,15,20110617,21.43,26.78,21.07,21.19,294273143,-1.11993,17.84126251,249719951,47,0.991033,52.9,10727.1,21.19,21.2,0.0471921
2,17,20110617,66.32,67.36,65.47,66.29,58201928,-0.0452352,11.42979914,52231924,70,0.859858,52.9,10727.1,66.08,65.06,-1.54358
2,18,20110617,41.29,42.44,39.7,40.8,183560880,-1.18673,-5.752531188,194764785,14,0.612745,52.9,10727.1,40.5,39.49,-2.49383
2,9,20110617,65.1,66.23,64.64,65.62,43194922,0.798771,41.98416815,30422351,88,0.716245,52.9,10727.1,65.37,64.93,-0.673092
2,19,20110617,33.92,34.72,33.76,34.48,44641104,1.65094,2.540396161,43535139,11,0.841067,52.9,10727.1,34.39,34.6,0.610643
2,20,20110617,80.43,82.72,80.39,82.52,27515629,2.59853,-11.99012252,31264251,74,0.739215,52.9,10727.1,82.32,81.84,-0.58309
2,0,20110617,91.14,92.99,90.58,91.78,15549946,0.702216,5.532730394,14734714,61,0.599259,52.9,10727.1,91.42,90.89,-0.579742
2,21,20110617,35.03,35.88,34.99,35.39,57933495,1.02769,1.176986033,57259558,88,1.07375,52.9,10727.1,35.29,34.55,-2.09691
2,22,20110617,23.79,29.05,23.65,24.26,280430166,1.97562,21.76343765,230307366,60,0.659522,52.9,10727.1,24.17,24.3,0.537857
2,23,20110617,20.08,20.73,20.03,20.26,229372501,0.896414,16.91862397,196181321,47,0.987167,52.9,10727.1,20.09,20.08,-0.049776
2,24,20110617,64.65,65.22,63.33,64.69,46861128,0.0618716,-3.57667401,48599369,33,0.819292,52.9,10727.1,64.51,62.59,-2.97628
2,3,20110617,30.28,30.95,30.17,30.77,114504788,1.61823,20.20782465,95255686,19,1.39747,52.9,10727.1,30.66,30.44,-0.717547
2,25,20110617,59.12,59.32,57.36,57.92,20647583,-2.02977,14.1261046,18091902,82,0.707873,52.9,10727.1,57.57,56.68,-1.54594
2,26,20110617,82.92,85.26,82.52,84.57,22074891,1.98987,9.771305584,20109892,61,0.567577,52.9,10727.1,84.36,84.33,-0.0355619
2,27,20110617,35.23,35.92,34.94,35.51,69585912,0.794777,-3.487896305,72100710,19,1.37989,52.9,10727.1,35.35,36,1.83876
2,28,20110617,52.91,53.29,51.79,52.82,68996550,-0.1701,17.44814099,58746396,54,0.700492,52.9,10727.1,52.7,52.41,-0.550285
2,11,20110617,80,80.82,78.33,79.02,100521400,-1.225,8.8119524,92380844,54,0.594786,52.9,10727.1,78.65,76.78,-2.37762
2,2,20110624,14.67,15.6,14.56,15.23,99423717,3.81731,-10.64929945,111273573,40,0.19698,52.9,10727.1,15.22,16.31,7.16163
2,1,20110624,48.35,50.15,48.15,48.34,34877916,-0.0206825,-7.498819664,37705374,5,0.372362,52.9,10727.1,48.49,52.34,7.93978
2,5,20110624,73.96,75.02,70.29,71.26,30675314,-3.65062,20.85860224,25381159,47,0.589391,52.9,10727.1,71.44,74.27,3.96137
2,4,20110624,10.59,10.94,10.48,10.52,603098073,-0.661001,-32.19508903,889460755,68,0.095057,52.9,10727.1,10.52,11.09,5.41825
2,6,20110624,96.49,102.5,96.05,100.01,43722864,3.64805,0.26701338,43606429,24,0.459954,52.9,10727.1,99.96,108.62,8.66347
2,8,20110624,14.94,15.64,14.92,14.93,429730443,-0.0669344,7.063033975,401380782,11,0.401875,52.9,10727.1,14.94,15.86,6.15797
2,7,20110624,98.88,102.46,97,97.9,42615162,-0.9911,-4.972837364,44845243,54,0.745659,52.9,10727.1,97.94,104.09,6.27935
2,10,20110624,49.5,51.98,49.46,51.96,34797906,4.9697,-3.413253498,36027620,48,0.789069,52.9,10727.1,51.85,54.47,5.05304
2,29,20110624,37.85,38.89,37.19,37.58,50409504,-0.713342,-7.529166388,54513950,168,1.0644,52.9,10727.1,37.62,39.72,5.58214
2,12,20110624,18.34,18.94,17.97,17.97,295978977,-2.01745,12.9778258,261979707,83,0.834725,52.9,10727.1,18,19.2,6.66667
2,14,20110624,34.29,35.69,34.28,35.08,65416820,2.30388,-14.26043792,76297124,67,0.712657,52.9,10727.1,35.03,36.73,4.85298
2,13,20110624,34.79,35.65,34.55,34.9,102774442,0.316183,-23.50036226,134346312,80,0.34384,52.9,10727.1,35.05,37.05,5.70613
2,16,20110624,163.7,166.81,163.59,165.07,22984546,0.836897,-21.79473818,29390025,45,0.454353,52.9,10727.1,165.74,174.54,5.30952
2,15,20110624,21.19,21.74,21.06,21.2,309031457,0.0471921,5.015175306,294273143,40,0.990566,52.9,10727.1,21.17,22.53,6.42419
2,17,20110624,66.08,66.75,64.69,65.06,56535090,-1.54358,-2.863887945,58201928,63,0.876114,52.9,10727.1,65.2,67.3,3.22086
2,18,20110624,40.5,41.53,39.44,39.49,167589521,-2.49383,-8.700851184,183560880,7,0.633072,52.9,10727.1,39.4,41.58,5.53299
2,9,20110624,65.37,66.82,64.43,64.93,49806614,-0.673092,15.30664183,43194922,81,0.723856,52.9,10727.1,64.85,68.09,4.99614
2,19,20110624,34.39,34.98,33.87,34.6,39770714,0.610643,-10.91010204,44641104,4,0.83815,52.9,10727.1,34.61,35.47,2.48483
2,20,20110624,82.32,83.09,81.4,81.84,28303321,-0.58309,2.862707591,27515629,67,0.745357,52.9,10727.1,81.51,85.65,5.07913
2,0,20110624,91.42,93.92,90.68,90.89,15126028,-0.579742,-2.726170239,15549946,54,0.605127,52.9,10727.1,91.08,96.67,6.13746
2,21,20110624,35.29,35.97,34.5,34.55,63163236,-2.09691,9.027145695,57933495,81,1.09986,52.9,10727.1,34.6,35.6,2.89017
2,22,20110624,24.17,24.86,24.16,24.3,309206180,0.537857,10.26138322,280430166,53,0.658436,52.9,10727.1,24.23,26.02,7.38754
2,23,20110624,20.09,20.96,20.08,20.08,259247639,-0.049776,13.02472523,229372501,40,0.996016,52.9,10727.1,20.1,20.75,3.23383
2,24,20110624,64.51,65.29,62.44,62.59,53025186,-2.97628,13.15388311,46861128,26,0.846781,52.9,10727.1,62.76,64.27,2.40599
2,3,20110624,30.66,31.33,30.29,30.44,116043866,-0.717547,1.344116719,114504788,12,1.41261,52.9,10727.1,30.65,31.68,3.36052
2,25,20110624,57.57,58.28,56.12,56.68,20959450,-1.54594,1.510428606,20647583,75,0.723359,52.9,10727.1,56.83,59.11,4.01197
2,26,20110624,84.36,86.21,83.69,84.33,20775217,-0.0355619,-5.88756701,22074891,54,0.569192,52.9,10727.1,84.01,90.13,7.28485
2,27,20110624,35.35,36.17,35.2,36,82375230,1.83876,18.3791771,69585912,12,1.36111,52.9,10727.1,36,37.8,5
2,28,20110624,52.7,53.7,52.35,52.41,75602550,-0.550285,9.574391763,68996550,47,0.705972,52.9,10727.1,52.32,53.51,2.27446
2,11,20110624,78.65,81.12,76.78,76.78,118679791,-2.37762,18.06420424,100521400,47,0.612139,52.9,10727.1,76.88,82.01,6.67274
